Date,BaseProb,MetaProb,BaseSig,MetaAccept,FinalSig,FwdRet_1w
2003-12-05,,,0,0.0,0,0.0029438222615147946
2003-12-12,,,0,0.0,0,0.0016062012188178265
2003-12-19,,,0,0.0,0,-5.931972003703212e-05
2003-12-26,,,0,0.0,0,0.0014329143763682772
2004-01-02,,,0,0.0,0,-0.0010519658627672346
2004-01-09,,,0,0.0,0,0.002629178672554522
2004-01-16,,,0,0.0,0,0.0015374380893065087
2004-01-23,,,0,0.0,0,-0.001225984781964784
2004-01-30,,,0,0.0,0,-0.0004061716065912879
2004-02-06,,,0,0.0,0,0.00115940273191395
2004-02-13,,,0,0.0,0,-3.544390441134748e-05
2004-02-20,,,0,0.0,0,0.00038830238347320467
2004-02-27,,,0,0.0,0,-0.0006297665359437099
2004-03-05,,,0,0.0,0,-0.0014483302299774792
2004-03-12,,,0,0.0,0,-0.0001436875690238315
2004-03-19,,,0,0.0,0,0.0004916029026966751
2004-03-26,,,0,0.0,0,0.0013248585915461852
2004-04-02,,,0,0.0,0,-0.0015783615990953015
2004-04-09,,,0,0.0,0,0.0005491662981484957
2004-04-16,,,0,0.0,0,0.0013510543144503728
2004-04-23,,,0,0.0,0,-0.00038394205896818967
2004-04-30,,,0,0.0,0,0.0011449935921796772
2004-05-07,,,0,0.0,0,-0.0024013055476357348
2004-05-14,,,0,0.0,0,-0.00017602722176524033
2004-05-21,,,0,0.0,0,-0.0005147015593731652
2004-05-28,,,0,0.0,0,0.0006694875516533028
2004-06-04,,,0,0.0,0,4.948346803157477e-05
2004-06-11,,,0,0.0,0,0.0006507966399245113
2004-06-18,,,0,0.0,0,-0.0005839928755381196
2004-06-25,,,0,0.0,0,-0.0010988167408626515
2004-07-02,,,0,0.0,0,0.00015704661196003222
2004-07-09,,,0,0.0,0,-0.0007837315869967387
2004-07-16,,,0,0.0,0,0.0007305653559004366
2004-07-23,,,0,0.0,0,0.0009749207295148832
2004-07-30,,,0,0.0,0,-0.0005981457810049218
2004-08-06,,,0,0.0,0,0.0009002365721715311
2004-08-13,,,0,0.0,0,0.00037558243755198006
2004-08-20,,,0,0.0,0,0.0002150108610199375
2004-08-27,,,0,0.0,0,0.0006618705879364306
2004-09-03,,,0,0.0,0,-0.0004361601185216557
2004-09-10,,,0,0.0,0,0.0004663195058522973
2004-09-17,,,0,0.0,0,-0.00014338999326735102
2004-09-24,,,0,0.0,0,0.00026690464144496495
2004-10-01,,,0,0.0,0,-0.00031109814777541267
2004-10-08,,,0,0.0,0,0.00041843382121808936
2004-10-15,,,0,0.0,0,-0.000484180682227775
2004-10-22,,,0,0.0,0,0.00047989142721749367
2004-10-29,,,0,0.0,0,0.0017838127611904397
2004-11-05,,,0,0.0,0,-0.00023734064583424974
2004-11-12,,,0,0.0,0,0.0017377125528672543
2004-11-19,,,0,0.0,0,0.00014281848746056092
2004-11-26,,,0,0.0,0,0.0005405424451625507
2004-12-03,,,0,0.0,0,0.0006720691377684052
2004-12-10,,,0,0.0,0,0.0018597372278148505
2004-12-17,,,0,0.0,0,0.0004936352450441994
2004-12-24,,,0,0.0,0,-0.0003308069282769166
2004-12-31,,,0,0.0,0,0.0007976199999999434
2005-01-07,,,0,0.0,0,-0.0005631508196431989
2005-01-14,,,0,0.0,0,-0.0002121603502348579
2005-01-21,,,0,0.0,0,-0.00032067300612159677
2005-01-28,,,0,0.0,0,0.00030663164299893353
2005-02-04,,,0,0.0,0,0.0010692317989922095
2005-02-11,,,0,0.0,0,0.0008664469146533182
2005-02-18,,,0,0.0,0,0.0001494993299477887
2005-02-25,,,0,0.0,0,0.0011314207145101118
2005-03-04,,,0,0.0,0,0.0007649807416134635
2005-03-11,,,0,0.0,0,-0.0008743467051220977
2005-03-18,,,0,0.0,0,-0.0009517429603560501
2005-03-25,,,0,0.0,0,-0.001633277596213345
2005-04-01,,,0,0.0,0,0.00014762235654552924
2005-04-08,,,0,0.0,0,-0.0030744588600443157
2005-04-15,,,0,0.0,0,0.0011481588765196449
2005-04-22,,,0,0.0,0,0.0002804927111694777
2005-04-29,,,0,0.0,0,0.0005701672415503456
2005-05-06,,,0,0.0,0,-0.001859718244322739
2005-05-13,,,0,0.0,0,0.0009599659355867818
2005-05-20,,,0,0.0,0,0.00058233220880477
2005-05-27,,,0,0.0,0,0.0021060517735762563
2005-06-03,,,0,0.0,0,0.00038534929694789
2005-06-10,,,0,0.0,0,-7.490793132447493e-05
2005-06-17,,,0,0.0,0,0.0007498442329414434
2005-06-24,,,0,0.0,0,0.0003612289085075382
2005-07-01,,,0,0.0,0,0.0016863461061067397
2005-07-08,,,0,0.0,0,0.0013745052687459403
2005-07-15,,,0,0.0,0,-0.0003613577423654535
2005-07-22,,,0,0.0,0,0.0005226106608855474
2005-07-29,,,0,0.0,0,0.0007622895672161345
2005-08-05,,,0,0.0,0,0.00020418117800335978
2005-08-12,,,0,0.0,0,0.0017086864141269142
2005-08-19,,,0,0.0,0,0.00012512786646334817
2005-08-26,,,0,0.0,0,-0.00034424195777860156
2005-09-02,,,0,0.0,0,-0.0004395606269772534
2005-09-09,,,0,0.0,0,-0.0002335070528324268
2005-09-16,,,0,0.0,0,-0.0003597239442690858
2005-09-23,,,0,0.0,0,0.00012582064320865172
2005-09-30,,,0,0.0,0,-0.0003326145904603006
2005-10-07,,,0,0.0,0,-0.00022926611037443756
2005-10-14,,,0,0.0,0,-0.00010794154549276236
2005-10-21,,,0,0.0,0,-0.0002811053609009795
2005-10-28,,,0,0.0,0,-0.00041239385748226276
2005-11-04,,,0,0.0,0,-0.0003143846375885939
2005-11-11,,,0,0.0,0,-9.615238267812742e-05
2005-11-18,,,0,0.0,0,-0.0003019964305462919
2005-11-25,,,0,0.0,0,1.622073986395911e-05
2005-12-02,,,0,0.0,0,-4.048654866495305e-05
2005-12-09,,,0,0.0,0,0.00030673954580273666
2005-12-16,,,0,0.0,0,0.00010601649737229657
2005-12-23,,,0,0.0,0,0.00035861649725954514
2005-12-30,,,0,0.0,0,0.00018875999999967696
2006-01-06,,,0,0.0,0,-9.661176356323686e-05
2006-01-13,,,0,0.0,0,-0.0006176530956202297
2006-01-20,,,0,0.0,0,0.00023444321866672446
2006-01-27,,,0,0.0,0,0.0002638468480329337
2006-02-03,,,0,0.0,0,0.00031193857519151713
2006-02-10,,,0,0.0,0,-0.00027655133773740737
2006-02-17,,,0,0.0,0,-6.469949469622982e-06
2006-02-24,,,0,0.0,0,-0.0005530592589007011
2006-03-03,,,0,0.0,0,3.2648012561198314e-05
2006-03-10,,,0,0.0,0,-0.00048656256976409296
2006-03-17,,,0,0.0,0,0.0002394707639059579
2006-03-24,,,0,0.0,0,0.00024296615337782157
2006-03-31,,,0,0.0,0,0.00044896498378288463
2006-04-07,,,0,0.0,0,0.00018413374742554112
2006-04-14,,,0,0.0,0,-1.352851916824882e-05
2006-04-21,,,0,0.0,0,0.0001423863408782644
2006-04-28,,,0,0.0,0,0.0003030077841550405
2006-05-05,,,0,0.0,0,0.0002558714686280439
2006-05-12,,,0,0.0,0,-0.0001324543782298404
2006-05-19,,,0,0.0,0,-0.0002875288335797421
2006-05-26,,,0,0.0,0,-0.0005440748076269708
2006-06-02,,,0,0.0,0,0.00030159040782073987
2006-06-09,,,0,0.0,0,-0.0010439196971928633
2006-06-16,,,0,0.0,0,8.54177010660706e-05
2006-06-23,,,0,0.0,0,-0.00027185409476737643
2006-06-30,,,0,0.0,0,-0.0002698757703505361
2006-07-07,,,0,0.0,0,0.0004955466838632017
2006-07-14,,,0,0.0,0,-1.0108801329011818e-05
2006-07-21,,,0,0.0,0,8.42441989206133e-05
2006-07-28,,,0,0.0,0,0.0003678430200713123
2006-08-04,,,0,0.0,0,0.0006798816964430632
2006-08-11,,,0,0.0,0,2.116469718527192e-05
2006-08-18,,,0,0.0,0,0.0005533896329690258
2006-08-25,,,0,0.0,0,0.00035156986345419305
2006-09-01,,,0,0.0,0,-5.994943232412453e-05
2006-09-08,,,0,0.0,0,2.9826680615130385e-05
2006-09-15,,,0,0.0,0,0.0005593084955279881
2006-09-22,,,0,0.0,0,0.0007270290268834856
2006-09-29,,,0,0.0,0,0.0011505083051854825
2006-10-06,,,0,0.0,0,-0.00010936753569168456
2006-10-13,,,0,0.0,0,0.0005901968644617117
2006-10-20,,,0,0.0,0,1.1423495179574417e-05
2006-10-27,,,0,0.0,0,0.0010780489191895004
2006-11-03,,,0,0.0,0,2.541871487982128e-05
2006-11-10,,,0,0.0,0,0.0006495485507247434
2006-11-17,,,0,0.0,0,0.0003205866933340129
2006-11-24,,,0,0.0,0,-0.00010511189790685105
2006-12-01,,,0,0.0,0,0.00013044946709794836
2006-12-08,,,0,0.0,0,-6.89232746402535e-05
2006-12-15,,,0,0.0,0,0.0004096521260701369
2006-12-22,,,0,0.0,0,0.00023607744166698197
2006-12-29,,,0,0.0,0,0.0005573899999997689
2007-01-05,,,0,0.0,0,0.00027544646889277047
2007-01-12,,,0,0.0,0,0.0002345246433175241
2007-01-19,,,0,0.0,0,0.0006575978761715895
2007-01-26,,,0,0.0,0,0.0007915537702769537
2007-02-02,,,0,0.0,0,0.0008969905436100323
2007-02-09,,,0,0.0,0,-0.00013999148390919647
2007-02-16,,,0,0.0,0,0.0004828274316985848
2007-02-23,,,0,0.0,0,-0.0006109614895608573
2007-03-02,,,0,0.0,0,0.0004687041163562444
2007-03-09,,,0,0.0,0,-0.0007249962097169993
2007-03-16,,,0,0.0,0,-0.0003027246957604257
2007-03-23,,,0,0.0,0,-0.0007514753171448119
2007-03-30,,,0,0.0,0,0.00015734137298539785
2007-04-06,,,0,0.0,0,-0.0014134044559216408
2007-04-13,,,0,0.0,0,-0.0036865372549831354
2007-04-20,,,0,0.0,0,-0.00041434980880239447
2007-04-27,,,0,0.0,0,-0.0003087586552298349
2007-05-04,,,0,0.0,0,-0.00010603649940355009
2007-05-11,,,0,0.0,0,0.0001793264043654652
2007-05-18,,,0,0.0,0,-0.000304856440080048
2007-05-25,,,0,0.0,0,0.0007834140296405501
2007-06-01,,,0,0.0,0,-0.0003388628493172785
2007-06-08,,,0,0.0,0,-0.0013402340866198736
2007-06-15,,,0,0.0,0,0.0013553788842048942
2007-06-22,,,0,0.0,0,-0.0027188510828868306
2007-06-29,,,0,0.0,0,-0.0006756887175279891
2007-07-06,,,0,0.0,0,-0.002195343254002169
2007-07-13,,,0,0.0,0,-0.0017383892914129007
2007-07-20,,,0,0.0,0,-0.0038094504389840633
2007-07-27,,,0,0.0,0,-0.00029344168192602105
2007-08-03,,,0,0.0,0,1.5207327495270206e-05
2007-08-10,,,0,0.0,0,-0.0028583452996160386
2007-08-17,,,0,0.0,0,-8.917274760689153e-05
2007-08-24,,,0,0.0,0,-0.00022051325524152787
2007-08-31,,,0,0.0,0,-0.0035504374677809425
2007-09-07,,,0,0.0,0,-0.0028464722726704306
2007-09-14,,,0,0.0,0,-0.0011403078750292783
2007-09-21,,,0,0.0,0,0.0005832463105266417
2007-09-28,,,0,0.0,0,0.005631571899462173
2007-10-05,,,0,0.0,0,0.00036504364788858545
2007-10-12,,,0,0.0,0,-0.003227536353605065
2007-10-19,,,0,0.0,0,-0.0005237804463235074
2007-10-26,,,0,0.0,0,2.255187986310858e-05
2007-11-02,,,0,0.0,0,-0.0053718614712238155
2007-11-09,,,0,0.0,0,-0.0032721990713238114
2007-11-16,,,0,0.0,0,-0.008668715210113698
2007-11-23,,,0,0.0,0,-0.0006416592424505208
2007-11-30,,,0,0.0,0,0.0022557972788872505
2007-12-07,,,0,0.0,0,0.003005862907134782
2007-12-14,,,0,0.0,0,-0.0012914134380327402
2007-12-21,,,0,0.0,0,-0.0009249354706138968
2007-12-28,,,0,0.0,0,0.00013868230331648412
2008-01-04,,,0,0.0,0,-0.00614713019155011
2008-01-11,,,0,0.0,0,-0.0024797458901231195
2008-01-18,,,0,0.0,0,0.00018596225858602544
2008-01-25,,,0,0.0,0,0.0018166992802166604
2008-02-01,,,0,0.0,0,-0.0009792891505651102
2008-02-08,,,0,0.0,0,-0.00303318522880891
2008-02-15,,,0,0.0,0,-0.00018898502933983874
2008-02-22,,,0,0.0,0,-0.001284922703115643
2008-02-29,,,0,0.0,0,-0.004579037802686758
2008-03-07,,,0,0.0,0,-0.004680464020668906
2008-03-14,,,0,0.0,0,-0.00032815913866446333
2008-03-21,,,0,0.0,0,-0.002848092299948979
2008-03-28,,,0,0.0,0,-0.00029898802798855595
2008-04-04,,,0,0.0,0,-0.001392575526357076
2008-04-11,,,0,0.0,0,-0.00031872867512827696
2008-04-18,,,0,0.0,0,0.0047039224257781065
2008-04-25,,,0,0.0,0,0.006465341560075055
2008-05-02,,,0,0.0,0,0.00015708094203992218
2008-05-09,,,0,0.0,0,0.0005966635871617054
2008-05-16,,,0,0.0,0,0.0007258874282489725
2008-05-23,,,0,0.0,0,0.00032293346584166827
2008-05-30,,,0,0.0,0,-0.0006602021095535315
2008-06-06,,,0,0.0,0,0.00030716063787372683
2008-06-13,,,0,0.0,0,0.0008404048380521445
2008-06-20,,,0,0.0,0,-0.003712730018225363
2008-06-27,,,0,0.0,0,-0.00028076315070557634
2008-07-04,,,0,0.0,0,-0.00039286147700434704
2008-07-11,,,0,0.0,0,-0.0011675299392133187
2008-07-18,,,0,0.0,0,0.0005978986482997328
2008-07-25,,,0,0.0,0,2.77519004936444e-05
2008-08-01,,,0,0.0,0,0.000726405688154852
2008-08-08,,,0,0.0,0,-0.0015161810000462461
2008-08-15,,,0,0.0,0,-0.002776555615547349
2008-08-22,,,0,0.0,0,-0.006806169500232606
2008-08-29,,,0,0.0,0,-0.0037249329264681386
2008-09-05,,,0,0.0,0,0.0032204179015269396
2008-09-12,,,0,0.0,0,-0.01112889794687455
2008-09-19,,,0,0.0,0,-0.00655860686924703
2008-09-26,,,0,0.0,0,-0.01719078471261737
2008-10-03,,,0,0.0,0,-0.009993344933365789
2008-10-10,,,0,0.0,0,0.0013951090417974044
2008-10-17,,,0,0.0,0,-0.008930187250426047
2008-10-24,,,0,0.0,0,0.0014132914907543093
2008-10-31,,,0,0.0,0,0.0009228081462058224
2008-11-07,,,0,0.0,0,0.002611902225068574
2008-11-14,,,0,0.0,0,-0.010202221688915047
2008-11-21,,,0,0.0,0,-0.004539480352530378
2008-11-28,5.31774355112526e-14,,0,0.0,0,-0.012070839095145391
2008-12-05,1.020415231037044e-05,,0,0.0,0,-0.004029939328544008
2008-12-12,9.113359504426984e-16,,0,0.0,0,-0.014213650080288853
2008-12-19,0.0082084600373696,,0,0.0,0,-0.001805328599852607
2008-12-26,0.1274193523086922,,0,0.0,0,-0.0015202810726111515
2009-01-02,0.9999999999634046,,1,0.0,0,0.009726952051630988
2009-01-09,0.9999982675278806,,1,0.0,0,0.0038093156525949023
2009-01-16,0.005410025898104235,,0,0.0,0,-0.0023977032797523057
2009-01-23,0.9999129431437344,,1,0.0,0,0.003850757429784357
2009-01-30,0.9968467001727183,,1,0.0,0,0.0016165239344696491
2009-02-06,0.9998685690961521,,1,0.0,0,0.0026212422786402456
2009-02-13,0.9667555666649968,,1,0.0,0,0.0006263971165050286
2009-02-20,0.0020765350923708146,,0,0.0,0,-0.0031003981848187756
2009-02-27,1.3835454638114911e-12,,0,0.0,0,-0.011798589963111339
2009-03-06,0.9996550707961657,,1,0.0,0,0.0041286390839372356
2009-03-13,0.9999999970261455,,1,0.0,0,0.006925939760133559
2009-03-20,0.9999999998226838,,1,0.0,0,0.007986055996466623
2009-03-27,0.011469534550999866,,0,0.0,0,-0.003435962687500682
2009-04-03,0.9999469869254537,,1,0.0,0,0.004570506264325536
2009-04-10,0.9999999999995552,,1,0.0,0,0.011586342613104428
2009-04-17,0.999989657080641,,1,0.0,0,0.0034687616826729606
2009-04-24,0.999999999802303,,1,0.0,0,0.009092074698284103
2009-05-01,0.9999999999997478,,1,0.0,0,0.012300861430515342
2009-05-08,0.9999994415660728,,1,0.0,0,0.005153491995310011
2009-05-15,0.9986286630290351,,1,0.0,0,0.002225451275235324
2009-05-22,0.9999999977909879,,1,0.0,0,0.008852840859401745
2009-05-29,0.9999999999999023,,1,0.0,0,0.012718222323216732
2009-06-05,0.9999999982547003,,1,0.0,0,0.007903308059986625
2009-06-12,0.013576884219200702,,0,0.0,0,-0.00331200580273594
2009-06-19,0.8776286994242344,,1,0.0,0,0.000704098588140134
2009-06-26,0.9466322821178024,,1,0.0,0,0.0006579290680279737
2009-07-03,0.9868191294799503,,1,0.0,0,0.001203462954111778
2009-07-10,0.9999979024261498,,1,0.0,0,0.005607083693438986
2009-07-17,0.9999999838616371,,1,0.0,0,0.0073078087237121725
2009-07-24,0.9999999998987237,,1,0.0,0,0.00983923120508301
2009-07-31,0.999793864225024,,1,0.0,0,0.002631405357034211
2009-08-07,0.999932070563844,,1,0.0,0,0.0035895047210585673
2009-08-14,0.8681150597296088,,1,0.0,0,0.00040204556594569674
2009-08-21,0.2803631929808942,,0,0.0,0,-0.0012318602636568476
2009-08-28,0.400113387363809,,0,0.0,0,-0.0002800263892026589
2009-09-04,0.8124257866592225,,1,0.0,0,0.0002361611032124511
2009-09-11,0.23061487431091302,,0,0.0,0,-0.0008120654401634342
2009-09-18,0.9948569836823556,,1,0.0,0,0.0032534803284980374
2009-09-25,0.9985362940904557,,1,0.0,0,0.002607635033131217
2009-10-02,0.37393858604922703,,0,0.0,0,-0.0005206517009913592
2009-10-09,0.999838187984652,,1,0.0,0,0.004131913803735454
2009-10-16,0.9999819022636147,,1,0.0,0,0.004394945830665131
2009-10-23,0.9997123491761163,,1,0.0,0,0.003118338905131912
2009-10-30,0.07509092099537071,,0,0.0,0,-0.0016749651156739986
2009-11-06,0.8416958117221105,,1,0.0,0,0.0007258786943233897
2009-11-13,0.9885378111402436,,1,0.0,0,0.0017648298271195628
2009-11-20,0.6234128142914713,,1,0.0,0,-0.0002295595686994112
2009-11-27,0.7176126428682503,,1,0.0,0,0.0003861870091823594
2009-12-04,0.9223250240008153,,1,0.0,0,0.0010878454217577715
2009-12-11,0.9801741679746789,,1,0.0,0,0.001686678823575427
2009-12-18,0.6508717834413223,,1,0.0,0,0.00017705724730765482
2009-12-25,0.847843538350786,,1,0.0,0,0.0005277653398101378
2010-01-01,0.9999992927270918,,1,0.0,0,0.0064020300000000585
2010-01-08,0.9999451832182006,,1,0.0,0,0.003718523898446513
2010-01-15,0.25248270073119783,,0,0.0,0,-0.0010505825127805624
2010-01-22,0.1842893943332469,,0,0.0,0,-0.000720683941279332
2010-01-29,0.24386301432003266,,0,0.0,0,-0.00045284606806828
2010-02-05,0.7530470374137985,,1,0.0,0,0.0005748689606139834
2010-02-12,0.6740454936043462,,1,0.0,0,1.92071489228951e-05
2010-02-19,0.9973371554903788,,1,0.0,0,0.002179508450011358
2010-02-26,0.8482079639229586,,1,0.0,0,0.00022556731619638448
2010-03-05,0.9902986102724555,,1,0.0,0,0.0017619127767312115
2010-03-12,0.9925653969800465,,1,0.0,0,0.0019472596571314948
2010-03-19,0.7599847292784261,,1,0.0,0,0.00029102851339302127
2010-03-26,0.7230655425554593,,1,0.0,0,0.00019229092224382072
2010-04-02,0.4648501198309416,,0,0.0,0,-0.00028030837230752503
2010-04-09,0.6168143321239595,0.07953438234803727,1,0.0,0,9.489762722636463e-05
2010-04-16,0.05016651087815737,,0,0.0,0,-0.0014731037455606444
2010-04-23,0.033392427988152396,,0,0.0,0,-0.0015466742423804192
2010-04-30,3.384337124484359e-11,,0,0.0,0,-0.010650510739159458
2010-05-07,0.9218591656987819,0.8184609747682257,1,1.0,1,0.0021982954819572686
2010-05-14,2.76249665647242e-06,,0,0.0,0,-0.006410667728719233
2010-05-21,0.46169167308790743,,0,0.0,0,-0.00013621116218909268
2010-05-28,0.9823570101609416,0.8873103678199148,1,1.0,1,0.001333654730730105
2010-06-04,0.09432321793833916,,0,0.0,0,-0.0015274297030968276
2010-06-11,0.9979762403364913,0.8312787979810772,1,1.0,1,0.0025223940286402957
2010-06-18,0.8503890670688328,0.9002251708638018,1,1.0,1,9.176343039318802e-05
2010-06-25,0.9720748178911007,0.8207188534509511,1,1.0,1,0.001256507207206603
2010-07-02,0.9975581551999554,0.8918435259723028,1,1.0,1,0.0023710515505528384
2010-07-09,0.9962746236292814,0.9542457752857361,1,1.0,1,0.0017170749164603372
2010-07-16,0.12460014136040652,,0,0.0,0,-0.0016204362477427736
2010-07-23,0.9999758894118115,0.986811957162828,1,1.0,1,0.004379501140378217
2010-07-30,0.9800466131117316,0.5704387552558006,1,0.0,0,0.0009184089211475843
2010-08-06,0.02482055719713804,,0,0.0,0,-0.0021117978329979747
2010-08-13,0.8751939559126853,0.434751262377751,1,0.0,0,0.0009309185185635283
2010-08-20,1.3262839135832293e-05,,0,0.0,0,-0.005257554961628164
2010-08-27,0.9987588066937638,0.9063481491832597,1,1.0,1,0.0029308765996991504
2010-09-03,0.9966634188198427,0.8216190770095771,1,1.0,1,0.0016843733196916233
2010-09-10,0.943657904023243,0.9407529925082861,1,1.0,1,0.0006772509030863461
2010-09-17,0.9934341301618838,0.8816895689029757,1,1.0,1,0.001894882090526906
2010-09-24,0.9991864269935787,0.6006767723994124,1,1.0,1,0.0026478156422877763
2010-10-01,0.8847190485169372,0.737181306024686,1,1.0,1,0.00028090477969522354
2010-10-08,0.0785555110278207,,0,0.0,0,-0.001515088163489664
2010-10-15,0.3740835829193189,,0,0.0,0,-0.0005955016819595427
2010-10-22,0.9404057349992007,0.8276833910584337,1,1.0,1,0.0009721389939700842
2010-10-29,0.9859225554947105,0.9444140803859725,1,1.0,1,0.001463836525993134
2010-11-05,0.9827646781048228,0.9320886350157638,1,1.0,1,0.001603304340974221
2010-11-12,0.9968478998682002,0.749401705397432,1,1.0,1,0.002080036025577714
2010-11-19,0.006006538925367492,,0,0.0,0,-0.00254309616372117
2010-11-26,0.6772720456372298,0.7887386939572821,1,1.0,1,9.12981928049561e-05
2010-12-03,0.004055555912300861,,0,0.0,0,-0.002985036277950215
2010-12-10,0.9871063352564111,0.9989261740830693,1,1.0,1,0.0019911131463763443
2010-12-17,0.9993130836060036,0.9152181638707564,1,1.0,1,0.002684822334725334
2010-12-24,0.895659665904293,0.7660719889623167,1,1.0,1,0.00046183925243736823
2010-12-31,0.9987728392604328,0.8813090928410009,1,1.0,1,0.0024021400000000526
2011-01-07,0.47874460176535355,,0,0.0,0,-0.0005590670426941502
2011-01-14,0.7780286138086363,0.8578735739420348,1,1.0,1,0.0005703695333194592
2011-01-21,0.9999046962901147,0.9824569849045143,1,1.0,1,0.0037236742155668523
2011-01-28,0.04094603468070393,,0,0.0,0,-0.0017894722435908283
2011-02-04,0.9999777713620089,0.9992469451264339,1,1.0,1,0.0043470605439359655
2011-02-11,0.9698083297247834,0.7942031954373913,1,1.0,1,0.0009292450766562599
2011-02-18,0.10285570944688069,,0,0.0,0,-0.001142902556109937
2011-02-25,0.3753387134905789,,0,0.0,0,-0.00027451805150802144
2011-03-04,0.0169379445365176,,0,0.0,0,-0.0019991016822406005
2011-03-11,0.21628869434496803,,0,0.0,0,-0.0004577409441872682
2011-03-18,0.5215951256777716,0.6159648462748615,1,1.0,1,-0.0001512614958190106
2011-03-25,0.3357853039952032,,0,0.0,0,-0.0006517072108569444
2011-04-01,0.9989080564214018,0.989439505439299,1,1.0,1,0.0026577658920692304
2011-04-08,0.9969769615061144,0.9827634088485606,1,1.0,1,0.0019986301379923965
2011-04-15,0.04314875926843902,,0,0.0,0,-0.001436789564285057
2011-04-22,0.7034049315084404,0.8018899170252457,1,1.0,1,0.0002134762491456943
2011-04-29,0.034192567181386246,,0,0.0,0,-0.001589167090562893
2011-05-06,0.9971058024069412,0.9436426869361599,1,1.0,1,0.002372710436982839
2011-05-13,0.09790814715342251,,0,0.0,0,-0.001346264898965388
2011-05-20,0.8008668802514948,0.7058946066133114,1,1.0,1,0.0004622988542062334
2011-05-27,0.008284973168338212,,0,0.0,0,-0.0022437679067202065
2011-06-03,0.012180532275074759,,0,0.0,0,-0.0018604695546989847
2011-06-10,0.3289002402359509,,0,0.0,0,-0.00038060308908727247
2011-06-17,0.9616982734928315,0.7142078801272386,1,1.0,1,0.0012565341624495296
2011-06-24,0.9979194023916704,0.8879907961264282,1,1.0,1,0.002369957433878467
2011-07-01,0.9765036446994358,0.9878922068031313,1,1.0,1,0.0005430988256918123
2011-07-08,0.04152736289334943,,0,0.0,0,-0.0013897894367411734
2011-07-15,0.9999127022468969,0.7700008864972074,1,1.0,1,0.00343073726431653
2011-07-22,0.020610169126251052,,0,0.0,0,-0.002254358256656541
2011-07-29,1.8868633891426562e-05,,0,0.0,0,-0.0044873277200322415
2011-08-05,8.663379417016083e-08,,0,0.0,0,-0.0061759777822415485
2011-08-12,0.04052169443065411,,0,0.0,0,-0.0009648258520128516
2011-08-19,0.0002752279001628733,,0,0.0,0,-0.003474203526540487
2011-08-26,0.22946865151475473,,0,0.0,0,-0.0005373435805137161
2011-09-02,0.617682573872514,0.9996609070317097,1,1.0,1,-3.808263623594765e-05
2011-09-09,0.018471376390955616,,0,0.0,0,-0.00151186162545347
2011-09-16,8.305356516812807e-05,,0,0.0,0,-0.003618640635240866
2011-09-23,0.9798896065375953,0.8516252661456114,1,1.0,1,0.001891053650665775
2011-09-30,1.1649880087731462e-05,,0,0.0,0,-0.004730887196108258
2011-10-07,0.884619235202034,0.5297064754197045,1,0.0,0,0.0011214895569668926
2011-10-14,0.027430625117725607,,0,0.0,0,-0.0019729433753506997
2011-10-21,0.9999999998468878,0.999872771108086,1,1.0,1,0.008992742064561243
2011-10-28,0.49702064104562177,,0,0.0,0,-0.000874590020178756
2011-11-04,0.09817510191643589,,0,0.0,0,-0.000984106701983456
2011-11-11,0.0008608054943777309,,0,0.0,0,-0.003125523842376521
2011-11-18,0.011302970543769456,,0,0.0,0,-0.001909077384850577
2011-11-25,0.9999915706106768,0.7252629902781942,1,1.0,1,0.00464499585176692
2011-12-02,0.9505848833305961,0.9343860387495659,1,1.0,1,0.0009174080593710165
2011-12-09,0.15665326262438553,,0,0.0,0,-0.0009178288205494711
2011-12-16,0.9981067452890172,0.7444526823654251,1,1.0,1,0.002344014293286456
2011-12-23,0.733998556931135,0.563717947896663,1,0.0,0,-0.00015766057388788557
2011-12-30,0.9983129243278225,0.8948503347800287,1,1.0,1,0.0023599800000000393
2012-01-06,0.999461684033999,0.9707683207571675,1,1.0,1,0.0026002933596767086
2012-01-13,0.9927656418191161,0.7326763166949936,1,1.0,1,0.0015759034175084619
2012-01-20,0.8922301131585492,0.8425556257407415,1,1.0,1,0.00022164817343317544
2012-01-27,0.020028331298535033,,0,0.0,0,-0.0018297864174458
2012-02-03,0.9999990806967454,0.9950050547539957,1,1.0,1,0.00527374484773091
2012-02-10,0.59335235282778,0.6550954134621916,1,1.0,1,-0.00037963601605039976
2012-02-17,0.4798392238220149,,0,0.0,0,-0.00034772584278564
2012-02-24,0.9999983614078538,0.9960728058423393,1,1.0,1,0.004946368591364658
2012-03-02,0.8054407784694243,0.7468203222771056,1,1.0,1,0.00015748807962023825
2012-03-09,0.9965381317130876,0.8149642949028281,1,1.0,1,0.001977018166622546
2012-03-16,0.9996721698133836,0.9875207042856158,1,1.0,1,0.0027806476734497654
2012-03-23,0.9738627035424107,0.7490578499837098,1,1.0,1,0.000907215456112942
2012-03-30,0.012278775255022216,,0,0.0,0,-0.002044654570604987
2012-04-06,0.20846632158080863,,0,0.0,0,-0.0006601947696830424
2012-04-13,0.09999255633566073,,0,0.0,0,-0.0009896934836268745
2012-04-20,0.9911310043698777,0.9463404359627473,1,1.0,1,0.0016149649642880348
2012-04-27,0.9360857156423623,0.9250802351475585,1,1.0,1,0.0006779548897350995
2012-05-04,0.21089451482379465,,0,0.0,0,-0.0007991768656891995
2012-05-11,0.00014154987890390556,,0,0.0,0,-0.0033007513265856936
2012-05-18,0.027442861855308823,,0,0.0,0,-0.0010807762302269541
2012-05-25,0.00012341906619779127,,0,0.0,0,-0.0029023036798083712
2012-06-01,0.8295335368620029,0.39101422344441783,1,0.0,0,0.0002686296603648941
2012-06-08,0.5329749979669535,0.9494333975956253,1,1.0,1,-0.0006842519551003567
2012-06-15,0.9759187751353418,0.9248790929537555,1,1.0,1,0.0009488297738080576
2012-06-22,0.3865337147794029,,0,0.0,0,-9.29498589985478e-06
2012-06-29,0.9985452281628457,0.9687511266399881,1,1.0,1,0.0018232778730318255
2012-07-06,0.9999581593269087,0.9951491948640536,1,1.0,1,0.002420009491553188
2012-07-13,0.9998828014854922,0.9851438234933265,1,1.0,1,0.0023755490165275894
2012-07-20,0.0059855134842719485,,0,0.0,0,-0.0026676705991448557
2012-07-27,0.9999716212423112,0.972385443671681,1,1.0,1,0.003919387564273125
2012-08-03,0.969768617641203,0.8480106607846303,1,1.0,1,0.0008814136643304771
2012-08-10,0.994396459755108,0.8409817381564867,1,1.0,1,0.0017849967153151791
2012-08-17,0.9998688152224514,0.9506298138152307,1,1.0,1,0.0030764896195787372
2012-08-24,0.9338915241073747,0.48908965479749966,1,0.0,0,0.0005081532442767767
2012-08-31,0.9496921063302453,0.7270540929456953,1,1.0,1,0.0008363519629968064
2012-09-07,0.9817553478217623,0.9341871615982257,1,1.0,1,0.0011521257302282706
2012-09-14,0.9753511071738182,0.9717394822999541,1,1.0,1,0.0009492400888009289
2012-09-21,0.9992261376676139,0.951026256620059,1,1.0,1,0.002643962115672638
2012-09-28,0.9834887065346418,0.5824116318997297,1,0.0,0,0.001301294758858651
2012-10-05,0.9885034885301621,0.9411755479298389,1,1.0,1,0.0012810603738115933
2012-10-12,0.08604072782373376,,0,0.0,0,-0.0012543160815019494
2012-10-19,0.9205770218071261,0.9700105548120909,1,1.0,1,0.0007188487389420128
2012-10-26,0.989184508854316,0.664853774772052,1,1.0,1,0.0015107921361090515
2012-11-02,0.41433137651472074,,0,0.0,0,-0.0003425623867484573
2012-11-09,0.5983758948560075,0.28570497200668155,1,0.0,0,1.0621459056725513e-05
2012-11-16,0.9567710933804764,0.5092692939787441,1,0.0,0,0.0009463339229873746
2012-11-23,0.996346396824892,0.967935447829487,1,1.0,1,0.0016800620464882954
2012-11-30,0.9190870147965187,0.8851339773131756,1,1.0,1,0.0005237568495839451
2012-12-07,0.9300612345934993,0.9555385438638501,1,1.0,1,0.0007900796334143756
2012-12-14,0.9970541011780433,0.9526977916979885,1,1.0,1,0.001993894058036849
2012-12-21,0.7324537322983963,0.7953165667038586,1,1.0,1,0.00023052033071357947
2012-12-28,0.9998920154358679,0.9858310060402005,1,1.0,1,0.0032441283895257023
2013-01-04,0.9839780210647664,0.973039568504224,1,1.0,1,0.0010350275658765895
2013-01-11,0.9899498401067712,0.9264493034828132,1,1.0,1,0.0012067599790683836
2013-01-18,0.3972745398950776,,0,0.0,0,-0.0006006086953234124
2013-01-25,0.9612965359289846,0.903946652008618,1,1.0,1,0.0008703574726833807
2013-02-01,0.7285320129665355,0.6637841935866728,1,1.0,1,0.0004372763544100433
2013-02-08,0.9478846506665212,0.8519316997676852,1,1.0,1,0.0008358432469284249
2013-02-15,0.9368953671592027,0.9398247975241455,1,1.0,1,0.0005966741592906555
2013-02-22,0.9542759356601269,0.9058171791037244,1,1.0,1,0.0007762262483437254
2013-03-01,0.9820578536965148,0.9409590446750238,1,1.0,1,0.0011005481030654796
2013-03-08,0.9966289441891442,0.9776132135646449,1,1.0,1,0.0016348901469669386
2013-03-15,0.8949276479130436,0.7724190827248867,1,1.0,1,0.00046900396984339565
2013-03-22,0.7916228280657381,0.7007581165319818,1,1.0,1,0.00021771931959069235
2013-03-29,0.7543949943538537,0.560927505788501,1,0.0,0,1.203852375031289e-05
2013-04-05,0.21936664727012123,,0,0.0,0,-0.0006328451213933883
2013-04-12,0.18144610713821646,,0,0.0,0,-0.0007331248293669379
2013-04-19,0.8931973536571612,0.9139524336895428,1,1.0,1,0.0007717175881212235
2013-04-26,0.8463455515193805,0.960656900887341,1,1.0,1,0.00042963429312958823
2013-05-03,0.9929740347861259,0.976683213627738,1,1.0,1,0.0014322110353202078
2013-05-10,0.9904653020087903,0.9469267143207953,1,1.0,1,0.0015213629831354325
2013-05-17,0.9009809938250587,0.7010709468740818,1,1.0,1,0.0007185782712166855
2013-05-24,0.8845102005010752,0.48037354129267373,1,0.0,0,0.0004357658880953519
2013-05-31,0.49106691584153017,,0,0.0,0,-0.0002739923571971614
2013-06-07,0.13687302052018704,,0,0.0,0,-0.0009926242266031782
2013-06-14,0.02620503811443448,,0,0.0,0,-0.001430350031557337
2013-06-21,0.03032463101733259,,0,0.0,0,-0.0012137656664955587
2013-06-28,0.8694778211894048,0.669117687346367,1,1.0,1,0.0005744563893972376
2013-07-05,0.9791301721039004,0.9448131097380604,1,1.0,1,0.0011936415859232774
2013-07-12,0.8833793632823411,0.8188642471237663,1,1.0,1,0.0004982926968499779
2013-07-19,0.9125601883757412,0.7917786954720032,1,1.0,1,0.00048388399075105504
2013-07-26,0.9148222283791816,0.4015911246973002,1,0.0,0,0.0006208500305260323
2013-08-02,0.8442949420726229,0.6367879297845808,1,1.0,1,0.0003236976464220387
2013-08-09,0.586120892439694,0.4176343390618793,1,0.0,0,-0.00019551265999384615
2013-08-16,0.5979200398555812,0.4182236418559448,1,0.0,0,-0.00022629931306228368
2013-08-23,0.06500733254120615,,0,0.0,0,-0.001102898577365452
2013-08-30,0.5915830316679432,0.5207673112687676,1,0.0,0,-1.4309842791271343e-05
2013-09-06,0.0577187116457074,,0,0.0,0,-0.0010413000497734304
2013-09-13,0.309032231859925,,0,0.0,0,-0.00041061606408798745
2013-09-20,0.9370019331212256,0.774214723148525,1,1.0,1,0.0009130755512267719
2013-09-27,0.7393995548659602,0.5687031100844415,1,0.0,0,0.0003853267608919797
2013-10-04,0.9108270249732017,0.8845063898130124,1,1.0,1,0.0007506095114353517
2013-10-11,0.8856256229180551,0.8452939564279349,1,1.0,1,0.0005014108982377419
2013-10-18,0.9256965450090034,0.8666236602447883,1,1.0,1,0.0006837156098893349
2013-10-25,0.9919300639115249,0.9382972946236606,1,1.0,1,0.0015913488023417965
2013-11-01,0.9931980180905348,0.936534864258806,1,1.0,1,0.0014891935716534466
2013-11-08,0.8981175193101577,0.5681358290943052,1,0.0,0,0.0005496650748959553
2013-11-15,0.8612399120388536,0.611334226825786,1,1.0,1,0.0004097809743448533
2013-11-22,0.7788210780882251,0.6526319677571064,1,1.0,1,0.00014378032437245558
2013-11-29,0.915744678710515,0.8148852727884991,1,1.0,1,0.0005387751865659762
2013-12-06,0.8538129724913239,0.8994587605491403,1,1.0,1,0.0005317634317347775
2013-12-13,0.9030475979002829,0.9566873113163195,1,1.0,1,0.000777179654988025
2013-12-20,0.8321920910815817,0.9660224965858861,1,1.0,1,0.0004985117646778559
2013-12-27,0.9646310085073698,0.9180929748513348,1,1.0,1,0.0009502993421575123
2014-01-03,0.9114759591583943,0.9539172840655048,1,1.0,1,0.0006893718295559736
2014-01-10,0.9493133113954318,0.8956490199203303,1,1.0,1,0.0007859983567646278
2014-01-17,0.7044985845898082,0.860106847446314,1,1.0,1,0.00014140690390385124
2014-01-24,0.2544441970607829,,0,0.0,0,-0.00038635978656931247
2014-01-31,0.5305532270529734,0.6955586965137416,1,1.0,1,-0.00011193963563316256
2014-02-07,0.9497982346280347,0.9542713367594537,1,1.0,1,0.0008895985137349349
2014-02-14,0.994499954621594,0.9944736045459741,1,1.0,1,0.0015523446381611183
2014-02-21,0.9706380674205736,0.9801580730770125,1,1.0,1,0.0011615304245935487
2014-02-28,0.9901607828019958,0.9731605431315882,1,1.0,1,0.0012700915450725159
2014-03-07,0.21652626183250076,,0,0.0,0,-0.0005652954597262783
2014-03-14,0.986901462675856,0.6940549016473038,1,1.0,1,0.0013379034158900183
2014-03-21,0.6965076771445377,0.9754230398612945,1,1.0,1,7.532319820602318e-05
2014-03-28,0.9682247910285212,0.940172545222259,1,1.0,1,0.0009314303654499589
2014-04-04,0.7736682627826452,0.949976279340766,1,1.0,1,0.00020029957582301527
2014-04-11,0.2585824412511156,,0,0.0,0,-0.0005877919110561791
2014-04-18,0.9797468456414213,0.8675113931704357,1,1.0,1,0.001061381428950403
2014-04-25,0.8094464234967773,0.8104809746567357,1,1.0,1,0.00025293830342620893
2014-05-02,0.6461281048304287,0.7652023849600348,1,1.0,1,-6.740145813199927e-05
2014-05-09,0.38441124999634335,,0,0.0,0,-0.00021786087252706476
2014-05-16,0.9969097583298979,0.9076043661784994,1,1.0,1,0.001688450300765254
2014-05-23,0.7946143035576605,0.9219648628186575,1,1.0,1,0.000279803023419678
2014-05-30,0.3548087828625469,,0,0.0,0,-0.00037889674954294517
2014-06-06,0.9806140248641321,0.906997933794302,1,1.0,1,0.0011741713486836947
2014-06-13,0.4457330056858803,,0,0.0,0,-0.0002829611777067642
2014-06-20,0.5893500861485685,0.5420094593614849,1,0.0,0,-5.485870557198069e-05
2014-06-27,0.6411252824489068,0.9913073050110615,1,1.0,1,0.0003078977847756903
2014-07-04,0.9972188361971097,0.9524248650282816,1,1.0,1,0.0017107732566459255
2014-07-11,0.3346672702808757,,0,0.0,0,-0.00041759845580846555
2014-07-18,0.8936184570233088,0.7315907437526541,1,1.0,1,0.00044215969935534893
2014-07-25,0.6967927538519739,0.6952876086343671,1,1.0,1,-4.174797632527927e-05
2014-08-01,0.1140223976138763,,0,0.0,0,-0.0006560289657819851
2014-08-08,0.26650514330714076,,0,0.0,0,-0.0004970609317804797
2014-08-15,0.08038089528747569,,0,0.0,0,-0.000983297629312485
2014-08-22,0.9875347802714877,0.9369045893180548,1,1.0,1,0.0012021013402119252
2014-08-29,0.8337124677381007,0.9491751445037176,1,1.0,1,0.0004313272526401679
2014-09-05,0.6863682418751621,0.5718061120479246,1,0.0,0,0.00022429098844045647
2014-09-12,0.9313571830740951,0.7161995205190179,1,1.0,1,0.000744067802949111
2014-09-19,0.21070855150354703,,0,0.0,0,-0.0007292954850800504
2014-09-26,0.04184351521551873,,0,0.0,0,-0.0009403193031909396
2014-10-03,0.16883643675818472,,0,0.0,0,-0.0004886427983810115
2014-10-10,6.986158214994189e-05,,0,0.0,0,-0.0026567624644324717
2014-10-17,0.9165496068295651,0.5983287231974866,1,0.0,0,-7.978172465228361e-05
2014-10-24,0.43827388442179865,,0,0.0,0,-3.4880039468943025e-06
2014-10-31,0.7963545532084244,0.8765078989308536,1,1.0,1,0.000460120852822099
2014-11-07,0.6489546901503416,0.7554400426498412,1,1.0,1,0.00022024813170173907
2014-11-14,0.6921888646645445,0.6102952672852263,1,1.0,1,0.0001110454956190221
2014-11-21,0.9786083619883674,0.721562529038133,1,1.0,1,0.0009199791874694441
2014-11-28,0.43763268737715494,,0,0.0,0,-0.0003651902841004251
2014-12-05,0.028636765798584565,,0,0.0,0,-0.0010725773903969005
2014-12-12,0.012236647145015211,,0,0.0,0,-0.0011453327785860834
2014-12-19,0.6637737931655362,0.8692998281364512,1,1.0,1,0.00010346245557535383
2014-12-26,0.901086770547506,0.8330088881671733,1,1.0,1,0.00045841662985868226
2015-01-02,0.2199104715139817,,0,0.0,0,-0.0004977506583559999
2015-01-09,0.32676746144676266,,0,0.0,0,-0.0003157131863342766
2015-01-16,0.032559693414443786,,0,0.0,0,-0.0009478889814413805
2015-01-23,0.3441483448635764,,0,0.0,0,-0.0004748999838377621
2015-01-30,0.8687263698489429,0.7887461080685074,1,1.0,1,0.0004783724246320009
2015-02-06,0.9793874002129506,0.980081446722097,1,1.0,1,0.0008796433685274163
2015-02-13,0.995487255143899,0.9826140214381298,1,1.0,1,0.0013967534578833707
2015-02-20,0.995248733456234,0.9901323418746077,1,1.0,1,0.0013255306904627062
2015-02-27,0.9857989694976618,0.9891068015801718,1,1.0,1,0.001110498747173283
2015-03-06,0.9253492567781961,0.919409482029253,1,1.0,1,0.0006208684617805549
2015-03-13,0.4349357870325323,,0,0.0,0,-7.747198163932101e-05
2015-03-20,0.6500076555975061,0.5951549776465204,1,0.0,0,0.00011880754647153324
2015-03-27,0.19534240574432124,,0,0.0,0,-0.0005477010875488686
2015-04-03,0.886315649516845,0.8131306981919786,1,1.0,1,0.0005172499225811755
2015-04-10,0.9514186697408933,0.9588715019390223,1,1.0,1,0.0005757733212947702
2015-04-17,0.9414650111633714,0.934029857689798,1,1.0,1,0.0006842036412282315
2015-04-24,0.9882428094899,0.9646120465161789,1,1.0,1,0.0010465342255328025
2015-05-01,0.7683465447818474,0.9281609785160536,1,1.0,1,0.0002214314094863834
2015-05-08,0.4449565513005417,,0,0.0,0,-0.0002204979321908107
2015-05-15,0.55343240639228,0.7160697761322988,1,1.0,1,-6.152799803249565e-05
2015-05-22,0.8182760652470851,0.89809288117238,1,1.0,1,0.0003335539597364434
2015-05-29,0.8834312781708662,0.8321029864798387,1,1.0,1,0.00045749874063383267
2015-06-05,0.045628435540584114,,0,0.0,0,-0.0009291403356106454
2015-06-12,0.026131587564153656,,0,0.0,0,-0.0010303081988823903
2015-06-19,0.006305936007377364,,0,0.0,0,-0.0013749985532065523
2015-06-26,0.03515355722398763,,0,0.0,0,-0.0009541105303635389
2015-07-03,0.008262676649709174,,0,0.0,0,-0.0011926948309460839
2015-07-10,0.4471959191499266,,0,0.0,0,6.851273532904045e-05
2015-07-17,0.41888142354472113,,0,0.0,0,-0.000167595037181556
2015-07-24,0.0005483667976571172,,0,0.0,0,-0.001990482218444223
2015-07-31,0.19947100696057796,,0,0.0,0,-0.0003558912400373204
2015-08-07,0.0027278393612215537,,0,0.0,0,-0.0017027289015666414
2015-08-14,0.0006009107097806112,,0,0.0,0,-0.0021210573399033095
2015-08-21,0.04390570111448447,,0,0.0,0,-0.000705671037378397
2015-08-28,0.006550132178437321,,0,0.0,0,-0.0014484442258758667
2015-09-04,0.9967337698493663,0.9584470487654763,1,1.0,1,0.0017759057241062415
2015-09-11,0.9450554110524374,0.9842376228913677,1,1.0,1,0.0008030413200568187
2015-09-18,0.005756898126086908,,0,0.0,0,-0.0014374190192922853
2015-09-25,0.0005702675082700464,,0,0.0,0,-0.0019091364606210748
2015-10-02,0.016509376202236362,,0,0.0,0,-0.0009781862431693655
2015-10-09,0.05486003624974124,,0,0.0,0,-0.0011261276259139086
2015-10-16,0.9883677615335384,0.8425534405738125,1,1.0,1,0.0012455671624966858
2015-10-23,0.9998941504571459,0.9912010422631243,1,1.0,1,0.002367026237299008
2015-10-30,0.9976359142756628,0.9619243483078294,1,1.0,1,0.0015617239350105283
2015-11-06,0.08211974031327583,,0,0.0,0,-0.0007639582380082333
2015-11-13,0.9993211278197354,0.8155553089276503,1,1.0,1,0.002203883106653981
2015-11-20,0.9946128138083249,0.7449154278588556,1,1.0,1,0.0012622302607581126
2015-11-27,0.8115213540486766,0.45365267713791463,1,0.0,0,0.00022377442912180356
2015-12-04,0.029684002111879226,,0,0.0,0,-0.0010941743614061306
2015-12-11,2.2662115408500622e-07,,0,0.0,0,-0.004142496553269037
2015-12-18,0.3789912294541096,,0,0.0,0,-5.972786052876877e-05
2015-12-25,0.8602422175578185,0.783048961445892,1,1.0,1,0.00038057884488074123
2016-01-01,0.00930501721354887,,0,0.0,0,-0.0014093499999998649
2016-01-08,7.435879545540515e-08,,0,0.0,0,-0.0043028642417188845
2016-01-15,1.8747731921131994e-05,,0,0.0,0,-0.002585724532038647
2016-01-22,0.010571574537721928,,0,0.0,0,-0.001124396766967961
2016-01-29,0.19845184112542158,,0,0.0,0,-0.0005046699663041609
2016-02-05,1.1304075032249815e-06,,0,0.0,0,-0.0037826585883281583
2016-02-12,0.45141671213755863,,0,0.0,0,7.92913259426431e-05
2016-02-19,0.9982479825703344,0.9275504939169011,1,1.0,1,0.0014404411869286537
2016-02-26,0.9999994228912235,0.9948954883614962,1,1.0,1,0.0036993435943777353
2016-03-04,0.9999999956531158,0.9998860160430103,1,1.0,1,0.00511014353795014
2016-03-11,0.9999999715554461,0.9999325786656456,1,1.0,1,0.004512920785712415
2016-03-18,0.9999969228064965,0.998086175702929,1,1.0,1,0.0032655516693875786
2016-03-25,0.9999932950202736,0.9913461770924464,1,1.0,1,0.0031374435324833527
2016-04-01,0.9694430653031136,0.6238804258311715,1,1.0,1,0.0006585107479433194
2016-04-08,0.9924457910446822,0.8734455719296861,1,1.0,1,0.0011307782248028975
2016-04-15,0.9999994325005616,0.9992362621673319,1,1.0,1,0.0036472159381895075
2016-04-22,0.9999999998993454,0.9999573205985195,1,1.0,1,0.005957332547537053
2016-04-29,0.576070618899309,0.8501359919339438,1,1.0,1,-0.00048196309092818357
2016-05-06,0.15427057877674125,,0,0.0,0,-0.0005842740962821447
2016-05-13,0.09653705319651472,,0,0.0,0,-0.0008105635876821671
2016-05-20,0.005476201855039658,,0,0.0,0,-0.00158859140913159
2016-05-27,0.30539434690499334,,0,0.0,0,-0.0002517201401442959
2016-06-03,0.718021811528099,0.8433518187559301,1,1.0,1,0.00021355600024208776
2016-06-10,0.10327547772592506,,0,0.0,0,-0.0007157783400594253
2016-06-17,0.01960145358154731,,0,0.0,0,-0.0010822613317378327
2016-06-24,0.8180039915939222,0.9995154629984399,1,1.0,1,0.0003915535209779719
2016-07-01,0.9930977986963456,0.9962855342606111,1,1.0,1,0.0013010318829340672
2016-07-08,0.999442752944989,0.9932630516716012,1,1.0,1,0.0017849890573169436
2016-07-15,0.9999321897298074,0.997263416453494,1,1.0,1,0.002341417043421057
2016-07-22,0.9911347236233737,0.9319662169964467,1,1.0,1,0.0010510140988899686
2016-07-29,0.9593139004815192,0.12601051396524932,1,0.0,0,0.0006452411413135906
2016-08-05,0.7235359480405237,0.3757413573888383,1,0.0,0,6.922758330052403e-05
2016-08-12,0.9881260655695667,0.9872274220282689,1,1.0,1,0.00098520578731498
2016-08-19,0.9994943634990268,0.9871369226390846,1,1.0,1,0.0017786832766966132
2016-08-26,0.9929248132417433,0.8714521135750876,1,1.0,1,0.0011055840263485273
2016-09-02,0.9985057610026083,0.9486177339293579,1,1.0,1,0.0016030381366225477
2016-09-09,0.4813723953990443,,0,0.0,0,-0.0002583401937601426
2016-09-16,0.9573503790494332,0.9329689230685188,1,1.0,1,0.0008169477791108992
2016-09-23,0.334825085519614,,0,0.0,0,-0.0003753428505897105
2016-09-30,0.602526565084015,0.9317782781998225,1,1.0,1,-6.0420887658452216e-05
2016-10-07,0.9497676875193466,0.8839680498353018,1,1.0,1,0.0006772299716850672
2016-10-14,0.846734477528556,0.9739607604351025,1,1.0,1,0.0003595580430926226
2016-10-21,0.9999214833059145,0.99663980286398,1,1.0,1,0.002365427496768824
2016-10-28,0.984912209371906,0.9239654984518718,1,1.0,1,0.0009169257685057719
2016-11-04,0.7552043783275685,0.8423247832567305,1,1.0,1,0.00020982867610719325
2016-11-11,0.9998694922757186,0.9991329554190428,1,1.0,1,0.00212399696104959
2016-11-18,0.9995657569927016,0.9667524355900414,1,1.0,1,0.0017453641931191033
2016-11-25,0.9999129371657555,0.9926945636295987,1,1.0,1,0.0021854543046735397
2016-12-02,0.9996196719429018,0.979142852362301,1,1.0,1,0.0017444197844649345
2016-12-09,0.9948661881182912,0.9867982202590518,1,1.0,1,0.0010628731950355075
2016-12-16,0.9903697290666142,0.9898126149176665,1,1.0,1,0.0010622250486225226
2016-12-23,0.9776329451354175,0.9751854316337731,1,1.0,1,0.0008465597335263197
2016-12-30,0.8580884591400885,0.9515438170445683,1,1.0,1,0.0003137900000000915
2017-01-06,0.9998282151952088,0.9937233068462258,1,1.0,1,0.0021327107766853093
2017-01-13,0.9646064047910727,0.9378770541976922,1,1.0,1,0.0006358340060954593
2017-01-20,0.9933315447455975,0.9681809478456431,1,1.0,1,0.0011471415729895629
2017-01-27,0.9976246267412472,0.9610467226650411,1,1.0,1,0.0014082059100017918
2017-02-03,0.9906157412926316,0.6551136220000111,1,1.0,1,0.0010136932313218328
2017-02-10,0.9991897445283929,0.9146379129953282,1,1.0,1,0.0016471653344032333
2017-02-17,0.9314005706078147,0.7624962736304345,1,1.0,1,0.00042604235384025024
2017-02-24,0.9978233131767201,0.8457168761968955,1,1.0,1,0.001447266906028588
2017-03-03,0.5283225535594078,0.531967479613844,1,0.0,0,-0.00020101631480962112
2017-03-10,0.7432927671047119,0.15045216615955773,1,0.0,0,0.0002097892875565499
2017-03-17,0.38717300463767895,,0,0.0,0,-0.00018706717638927728
2017-03-24,0.8585994186065781,0.5402331850189107,1,0.0,0,0.0004229847767360795
2017-03-31,0.9980201368218689,0.9814483622883846,1,1.0,1,0.0014326097730310572
2017-04-07,0.9446909878164891,0.9541293465539616,1,1.0,1,0.0006272289629214445
2017-04-14,0.9918394225812674,0.9666708861212107,1,1.0,1,0.0011380817627741902
2017-04-21,0.9998008391170775,0.9934433275867213,1,1.0,1,0.0020103221250535874
2017-04-28,0.9663263852548498,0.9765987713095564,1,1.0,1,0.0006805507847951198
2017-05-05,0.00019643601358594956,,0,0.0,0,-0.002427581248895083
2017-05-12,0.0005865680539769581,,0,0.0,0,-0.001890439651508924
2017-05-19,0.5982190087731607,0.8632075905880919,1,1.0,1,0.00015181172081946137
2017-05-26,0.026500427977107412,,0,0.0,0,-0.0009819336401518663
2017-06-02,0.9370264848886889,0.9448639496501781,1,1.0,1,0.0007067820619168774
2017-06-09,0.9987813021940676,0.9932356079778755,1,1.0,1,0.001609676678187677
2017-06-16,0.9933798512719568,0.9764275351718765,1,1.0,1,0.0011392868107187315
2017-06-23,0.9991730373137824,0.9841401588080517,1,1.0,1,0.001607261519816161
2017-06-30,0.9525975701368495,0.9253789142034576,1,1.0,1,0.0005241299257761067
2017-07-07,0.9935062942695129,0.9514265998084195,1,1.0,1,0.0010966847839908311
2017-07-14,0.9752652272393645,0.9268594714204055,1,1.0,1,0.0007679719865572032
2017-07-21,0.9852195791768905,0.9565643909156974,1,1.0,1,0.0008982572390192622
2017-07-28,0.9520745383259162,0.9670496606845764,1,1.0,1,0.0005809488267913832
2017-08-04,0.014205064086566983,,0,0.0,0,-0.0012929921988918958
2017-08-11,0.008072460283081687,,0,0.0,0,-0.0012921636157755545
2017-08-18,0.7551024271236275,0.9288024076934251,1,1.0,1,0.00021717057479064827
2017-08-25,0.8467340398287876,0.9354410848867856,1,1.0,1,0.000341119562637493
2017-09-01,0.45911799975110223,,0,0.0,0,-0.00012447438324747484
2017-09-08,0.7184030660414504,0.883609668495771,1,1.0,1,0.00010272330401517316
2017-09-15,0.9862498053945137,0.9748467156842617,1,1.0,1,0.0008647985589100848
2017-09-22,0.9904159878142903,0.964443082027418,1,1.0,1,0.0009089849022898555
2017-09-29,0.9943715969384942,0.9789779459963047,1,1.0,1,0.0010250923605685802
2017-10-06,0.919575860980231,0.9407494515500785,1,1.0,1,0.00030583770698133783
2017-10-13,0.997858858182679,0.9796141660224599,1,1.0,1,0.001281859993125467
2017-10-20,0.9990822840935613,0.9860904947720449,1,1.0,1,0.0015816309812393126
2017-10-27,0.9984422225517666,0.9849420993652356,1,1.0,1,0.0014103498638693424
2017-11-03,0.973110159332532,0.9184632801302891,1,1.0,1,0.0006804227586556522
2017-11-10,0.6491429251640233,0.7883718185698723,1,1.0,1,-3.201439825639696e-05
2017-11-17,0.8553463849474864,0.9279143811463674,1,1.0,1,0.0003147955946272152
2017-11-24,0.6987330644778451,0.9442472949796756,1,1.0,1,4.733596823247588e-05
2017-12-01,0.988919419404121,0.9806308840700524,1,1.0,1,0.0009737210059124202
2017-12-08,0.9925159810364957,0.9822408453567962,1,1.0,1,0.001063632310128515
2017-12-15,0.9844895308029246,0.9740846252834304,1,1.0,1,0.0006408740333685436
2017-12-22,0.9862085126405165,0.952964457697205,1,1.0,1,0.0005598033981966122
2017-12-29,0.9910721713932835,0.9656997841284514,1,1.0,1,0.0010051300000000207
2018-01-05,0.9967253469645284,0.9814710226095761,1,1.0,1,0.0015330590763309448
2018-01-12,0.999661301866661,0.9924529847437934,1,1.0,1,0.001658238521878852
2018-01-19,0.9998769277809008,0.997410704334425,1,1.0,1,0.002120758192339256
2018-01-26,0.37250749580375514,,0,0.0,0,-0.0004306829799733958
2018-02-02,5.999553226732364e-06,,0,0.0,0,-0.00298393941241204
2018-02-09,0.16787006871644272,,0,0.0,0,-0.00011914484928643443
2018-02-16,0.1831422492714501,,0,0.0,0,-0.0003106571776479994
2018-02-23,0.00836142983049616,,0,0.0,0,-0.0010586095852098687
2018-03-02,0.09296694608279149,,0,0.0,0,-0.00042175756979445644
2018-03-09,0.8068831597978735,0.9801007582524996,1,1.0,1,0.00023938484747643152
2018-03-16,0.1859374540962033,,0,0.0,0,-0.0004963734614124027
2018-03-23,3.833337855298273e-05,,0,0.0,0,-0.002454070896762861
2018-03-30,0.5812928013050458,0.9455908819566234,1,1.0,1,-1.3022540579221697e-07
2018-04-06,0.9991246717295463,0.9935406137081076,1,1.0,1,0.0017067944954074488
2018-04-13,0.999602593678199,0.9943891211836932,1,1.0,1,0.0018172993941976134
2018-04-20,0.8173555314639619,0.9353599027504591,1,1.0,1,0.00016397647063892684
2018-04-27,0.07570473562165876,,0,0.0,0,-0.0007667115848811745
2018-05-04,0.9048925350787234,0.6570721257010996,1,1.0,1,0.00042825203741103657
2018-05-11,0.9800860412493648,0.8845537943016062,1,1.0,1,0.000667991267581991
2018-05-18,0.3110170700200433,,0,0.0,0,-0.00042519886280523167
2018-05-25,0.002020566867940424,,0,0.0,0,-0.0015857939278987043
2018-06-01,0.9672543519008725,0.7054660991701418,1,1.0,1,0.0008085624562710336
2018-06-08,0.9971274632269155,0.934286041795411,1,1.0,1,0.0012293749428056167
2018-06-15,0.20466174949754817,,0,0.0,0,-0.00048469107610993323
2018-06-22,0.003988861182210311,,0,0.0,0,-0.0014240942748835472
2018-06-29,0.9220846801434913,0.6916230999609108,1,1.0,1,0.00047761085177433493
2018-07-06,0.6493733250208064,0.6014032016739355,1,1.0,1,-2.851508266521474e-05
2018-07-13,0.889796456620245,0.823450349002965,1,1.0,1,0.0002697419897934594
2018-07-20,0.991153725764986,0.9276579434162286,1,1.0,1,0.0009775797444142587
2018-07-27,0.9986492113820529,0.9901550141249106,1,1.0,1,0.0013944900354800893
2018-08-03,0.6693635314934082,0.9023586702310951,1,1.0,1,0.0001290095836801175
2018-08-10,0.780604127347603,0.7739763872280042,1,1.0,1,0.0002634560782319717
2018-08-17,0.8104931438420995,0.9267530406216297,1,1.0,1,0.00023245685629724733
2018-08-24,0.6174253822187433,0.8361709681638764,1,1.0,1,5.227470297652914e-05
2018-08-31,0.16637182766367853,,0,0.0,0,-0.0005174616364664875
2018-09-07,0.7276393547441993,0.8951301320027326,1,1.0,1,0.00016733897178489165
2018-09-14,0.8769448801158709,0.9513027772492236,1,1.0,1,0.0004037479291967294
2018-09-21,0.9949811486793222,0.9798567736823905,1,1.0,1,0.0009862733108687571
2018-09-28,0.982265777297421,0.9580443876938278,1,1.0,1,0.0008041562287683934
2018-10-05,0.024433365957022144,,0,0.0,0,-0.001053186164732045
2018-10-12,0.29195091267685364,,0,0.0,0,-0.00022418714844640864
2018-10-19,0.0011518205607280137,,0,0.0,0,-0.0016325937260660561
2018-10-26,0.02230269473892997,,0,0.0,0,-0.0007238871731324314
2018-11-02,0.8128648275485165,0.8769390681264131,1,1.0,1,0.00048407169480690904
2018-11-09,5.269093765568993e-06,,0,0.0,0,-0.0029314636358068746
2018-11-16,2.2959861666811592e-07,,0,0.0,0,-0.003345005762274922
2018-11-23,9.126849593184761e-07,,0,0.0,0,-0.003056434922072082
2018-11-30,4.989699398702852e-10,,0,0.0,0,-0.004957621327342676
2018-12-07,0.809031652420459,0.60683342134605,1,1.0,1,0.0006841888359165882
2018-12-14,0.0001444073737153063,,0,0.0,0,-0.002214656141102167
2018-12-21,0.0024315640710355748,,0,0.0,0,-0.0012607401646796967
2018-12-28,0.05355861353898297,,0,0.0,0,-0.0007477272280203007
2019-01-04,0.9999996893224331,0.7837846674033075,1,1.0,1,0.0033114095928223897
2019-01-11,0.9999999953995538,0.9963548811724564,1,1.0,1,0.004019749610282952
2019-01-18,0.9999813029323285,0.986067772195781,1,1.0,1,0.0020831234878404548
2019-01-25,0.9999999204142854,0.997388817880344,1,1.0,1,0.0034996567628322595
2019-02-01,0.994197350343242,0.8181619141455106,1,1.0,1,0.0007312258960676665
2019-02-08,0.9882364070035718,0.8093654928557381,1,1.0,1,0.0007535713390356413
2019-02-15,0.9511253999190679,0.7833731792007662,1,1.0,1,0.00039246824560335014
2019-02-22,0.9984675253862533,0.9422682599025877,1,1.0,1,0.0012541265112175903
2019-03-01,0.02479894389865801,,0,0.0,0,-0.0011421712225726521
2019-03-08,0.9612584948758579,0.8480382762552204,1,1.0,1,0.0006824956278088656
2019-03-15,0.9928265197663751,0.9580796228877266,1,1.0,1,0.0009224373521306006
2019-03-22,0.7577420092524435,0.8887406456505473,1,1.0,1,0.00012327050885807544
2019-03-29,0.9706240533892841,0.9191538305262678,1,1.0,1,0.0006628440665235047
2019-04-05,0.9999640200183512,0.9949885897770524,1,1.0,1,0.0021164637820358934
2019-04-12,0.999794291786464,0.9952480326165073,1,1.0,1,0.0016312184901652316
2019-04-19,0.9993322107313188,0.9696804733460933,1,1.0,1,0.0013776410487440494
2019-04-26,0.9978331529377475,0.9586624159844847,1,1.0,1,0.00112056364460833
2019-05-03,0.6710742362913296,0.5738431357238133,1,0.0,0,-7.192043454640196e-05
2019-05-10,0.8119932270576061,0.7573890291580656,1,1.0,1,0.0002834134674030153
2019-05-17,0.6176060037782164,0.7116442441615596,1,1.0,1,1.1554453325457459e-05
2019-05-24,3.665429491057418e-06,,0,0.0,0,-0.002989111328157046
2019-05-31,0.9657463598380251,0.5682648741059361,1,0.0,0,0.0008769306664526688
2019-06-07,0.9999173957892094,0.9847501206346667,1,1.0,1,0.001964589738360223
2019-06-14,0.999999780309006,0.997668329386158,1,1.0,1,0.0032946031608591664
2019-06-21,0.9999963106323481,0.9993456458812171,1,1.0,1,0.0025330011963207166
2019-06-28,0.9997836547233564,0.9903050612062511,1,1.0,1,0.001625366106771553
2019-07-05,0.9992664833060466,0.982301336984805,1,1.0,1,0.0014100751180023963
2019-07-12,0.9859949425754692,0.8977217187810693,1,1.0,1,0.0007767014055404253
2019-07-19,0.9973594325845404,0.9784984728663931,1,1.0,1,0.0009427385452771553
2019-07-26,0.07808888153284052,,0,0.0,0,-0.0007737147953701395
2019-08-02,5.095952429102217e-09,,0,0.0,0,-0.004372904510063336
2019-08-09,3.857961422701747e-06,,0,0.0,0,-0.0026958129396186248
2019-08-16,0.390285957543585,,0,0.0,0,2.5757819351435174e-05
2019-08-23,0.720386404175057,0.9008009408774613,1,1.0,1,0.00014509344932900348
2019-08-30,0.9979323921389388,0.9288257534220138,1,1.0,1,0.0011969398353470773
2019-09-06,0.9881602528654093,0.9297904173361569,1,1.0,1,0.0007517935016772004
2019-09-13,0.999914689735608,0.9897147431019253,1,1.0,1,0.0018290177895272652
2019-09-20,0.9795383514507423,0.924634694076223,1,1.0,1,0.0006418947124990915
2019-09-27,0.02603763728756685,,0,0.0,0,-0.0010195554452380184
2019-10-04,0.49552683887557586,,0,0.0,0,-4.647853415407077e-05
2019-10-11,0.9970458826338924,0.9753938208439459,1,1.0,1,0.0011333406769207244
2019-10-18,0.9951188776508154,0.9556817886141447,1,1.0,1,0.0010451650245126842
2019-10-25,0.875956314623984,0.9210015557761684,1,1.0,1,0.0002519783980323709
2019-11-01,0.999974553136993,0.9850140474106341,1,1.0,1,0.0022797365818070237
2019-11-08,0.9865112794942855,0.9784939056736818,1,1.0,1,0.0006545537822784109
2019-11-15,0.9990044330594573,0.9483952311755238,1,1.0,1,0.0013658676759988886
2019-11-22,0.9999509646606278,0.9666218073541691,1,1.0,1,0.002034739473235847
2019-11-29,0.9992013324659568,0.9903009521819441,1,1.0,1,0.0012921314244527249
2019-12-06,0.9998506847821054,0.9925151226953818,1,1.0,1,0.0017882105216378008
2019-12-13,0.9999716908002382,0.9958054896797286,1,1.0,1,0.0021135294811260863
2019-12-20,0.9955444647574273,0.9859871033870687,1,1.0,1,0.0009928456809644715
2019-12-27,0.2688015948707903,,0,0.0,0,-0.0003950756626851515
2020-01-03,0.9982211498352056,0.980001572355825,1,1.0,1,0.001344242515215921
2020-01-10,0.9999680998126004,0.9973033336160598,1,1.0,1,0.0020919412490043587
2020-01-17,0.037768455933328185,,0,0.0,0,-0.0010563245123337284
2020-01-24,0.00022134329919794575,,0,0.0,0,-0.0019414689669025043
2020-01-31,0.9949179624895812,0.8268207156496196,1,1.0,1,0.0011654393468234492
2020-02-07,0.9382197490793954,0.9792186993115608,1,1.0,1,0.0003577359528308399
2020-02-14,0.8066664819959304,0.89240010254775,1,1.0,1,0.00016825499945305467
2020-02-21,4.204318617096488e-19,,0,0.0,0,-0.009700194193963951
2020-02-28,3.738756965306737e-21,,0,0.0,0,-0.009996315000388
2020-03-06,6.515428118944646e-69,,0,0.0,0,-0.038864437580626965
2020-03-13,3.410852554816658e-58,,0,0.0,0,-0.03397700168105289
2020-03-20,7.392708142965758e-05,,0,0.0,0,-0.002442679472432374
2020-03-27,0.9999999999999871,0.9999999888839052,1,1.0,1,0.009396506326497578
2020-04-03,1.0,0.9998506853294887,1,1.0,1,0.010425984252362852
2020-04-10,1.0,0.9999999999990825,1,1.0,1,0.021976737704695326
2020-04-17,9.110148870176056e-05,,0,0.0,0,-0.002737090459404068
2020-04-24,0.9999984792283289,0.9965628086694612,1,1.0,1,0.003558997762589833
2020-05-01,0.999998753794523,0.9972213243524973,1,1.0,1,0.0034795700409697705
2020-05-08,3.5566528971514536e-14,,0,0.0,0,-0.009505170316940648
2020-05-15,0.9999983440827689,0.9987603411112841,1,1.0,1,0.0034489413014631154
2020-05-22,0.9999999999376024,0.9999934203285338,1,1.0,1,0.006575949689774818
2020-05-29,1.0,0.999999983670895,1,1.0,1,0.01734621782062451
2020-06-05,3.106193960941219e-05,,0,0.0,0,-0.0031540723252168057
2020-06-12,0.9999999968873063,0.8176025565943724,1,1.0,1,0.00598078551581227
2020-06-19,0.8997539273195555,0.7809941667761171,1,1.0,1,0.0006640931816812579
2020-06-26,0.9997993256627816,0.5033279585679861,1,0.0,0,0.002429464239900092
2020-07-03,0.9999583081608829,0.997342228529552,1,1.0,1,0.0027476792170681996
2020-07-10,0.9999985961788403,0.9710198121027465,1,1.0,1,0.003703124878679187
2020-07-17,0.9999997709707484,0.9992425683240617,1,1.0,1,0.004034182745397352
2020-07-24,0.9999672896606256,0.9806775491327506,1,1.0,1,0.0026121482133807383
2020-07-31,0.9999619643333075,0.9582868680681274,1,1.0,1,0.002676499732755966
2020-08-07,0.9998283802212965,0.9955124755493481,1,1.0,1,0.0024130233505543774
2020-08-14,0.10436899134812867,,0,0.0,0,-0.0008403986322375046
2020-08-21,0.9306641074882885,0.7235251826021659,1,1.0,1,0.0005521270259141176
2020-08-28,0.9962465152510404,0.8445880970222245,1,1.0,1,0.0012839411957534796
2020-09-04,0.19777706642615192,,0,0.0,0,-0.00034367686545311305
2020-09-11,0.9655479416589111,0.5024291440333086,1,0.0,0,0.0009656280079295421
2020-09-18,6.66336427804703e-07,,0,0.0,0,-0.004347123176284495
2020-09-25,0.0011000975162163231,,0,0.0,0,-0.0020729393978435873
2020-10-02,0.9968280006689367,0.9354233053433564,1,1.0,1,0.0016410338881940323
2020-10-09,0.7585913819660569,0.6083881932118312,1,1.0,1,4.7364513944270215e-05
2020-10-16,0.96677003174427,0.6589611263192151,1,1.0,1,0.000808624626034371
2020-10-23,8.308448779150025e-05,,0,0.0,0,-0.0029038077082875757
2020-10-30,0.9999994205486207,0.9730528272107822,1,1.0,1,0.004392016068687887
2020-11-06,0.9999999952295815,0.998143162970627,1,1.0,1,0.00541573186886124
2020-11-13,0.9983996161174813,0.9084681413000245,1,1.0,1,0.001705508089190344
2020-11-20,0.9999976854868081,0.9930457083003886,1,1.0,1,0.003714976835251793
2020-11-27,0.9999999998572198,0.9996949789357245,1,1.0,1,0.006310718266445692
2020-12-04,0.011027889160847605,,0,0.0,0,-0.0015879620539486217
2020-12-11,0.9985701693040131,0.7527026178783247,1,1.0,1,0.0018011239193527206
2020-12-18,0.7510906544589846,0.8839006401859467,1,1.0,1,0.0002722081458199632
2020-12-25,0.9967635770306452,0.9218091463108556,1,1.0,1,0.0016083261157360251
2021-01-01,0.999993890974421,0.9929404935432852,1,1.0,1,0.003392569999999928
2021-01-08,0.9993311266381167,0.9458129542955105,1,1.0,1,0.001890625919225064
2021-01-15,0.9984845035216144,0.9334263411896442,1,1.0,1,0.0017597416529551158
2021-01-22,0.002649380959760654,,0,0.0,0,-0.0019052216878806538
2021-01-29,0.9992926899817927,0.8758959459615753,1,1.0,1,0.002240344650897841
2021-02-05,0.9758471459923711,0.8518955050625867,1,1.0,1,0.0008472869817242046
2021-02-12,0.9958386126698738,0.9317270649886609,1,1.0,1,0.0014559649863017388
2021-02-19,0.49610334037594744,,0,0.0,0,-0.0001702463343631333
2021-02-26,0.0005050831268760701,,0,0.0,0,-0.0020857885114912156
2021-03-05,0.2926578772862953,,0,0.0,0,-0.00018684069370678014
2021-03-12,4.332195765280511e-06,,0,0.0,0,-0.003668621482375345
2021-03-19,0.9993987903529634,0.987010345814674,1,1.0,1,0.0023365896391611685
2021-03-26,0.9938804208818207,0.7924547496366722,1,1.0,1,0.0013214371810130743
2021-04-02,0.9833667506881223,0.9627934170026184,1,1.0,1,0.0010974592545951456
2021-04-09,0.8700972911662457,0.8401878973842691,1,1.0,1,0.000412969202549629
2021-04-16,0.010158141009468252,,0,0.0,0,-0.001391536477098665
2021-04-23,0.7752479712375475,0.666131360285609,1,1.0,1,0.00027116839019947214
2021-04-30,0.3242141886178709,,0,0.0,0,-0.0003395335320176551
2021-05-07,0.48580660084990157,,0,0.0,0,-0.00011293830718162035
2021-05-14,0.9289750483543093,0.8339248659326025,1,1.0,1,0.0006746383547913126
2021-05-21,0.9946801844782338,0.8525599704516931,1,1.0,1,0.0014163539438205586
2021-05-28,0.9528426157765181,0.8052811168086942,1,1.0,1,0.0006897469015088031
2021-06-04,0.24170564461555172,,0,0.0,0,-0.0004011822589080616
2021-06-11,0.9941972190107312,0.9448242762478547,1,1.0,1,0.0013645849499621665
2021-06-18,0.6659835713575143,0.8384637384640443,1,1.0,1,0.00016871470818635714
2021-06-25,0.8271861278595997,0.7987599247073864,1,1.0,1,0.0003640363173502692
2021-07-02,0.8996563999693836,0.8255533719947644,1,1.0,1,0.0005682784422791354
2021-07-09,0.48490960540293265,,0,0.0,0,-6.912696545613439e-05
2021-07-16,0.09040381185257501,,0,0.0,0,-0.0006735107818198749
2021-07-23,0.5673567284158941,0.6613982463961074,1,1.0,1,-2.0765366937069984e-07
2021-07-30,0.6879920108704105,0.666645407655511,1,1.0,1,0.00010856333849584843
2021-08-06,0.4810076551349705,,0,0.0,0,-0.00011335673231172017
2021-08-13,0.4463142656480684,,0,0.0,0,-0.00021056187626811163
2021-08-20,0.9283341071728158,0.6087493707783671,1,1.0,1,0.000638188084668645
2021-08-27,0.8111066056525076,0.6466291519923189,1,1.0,1,0.00023606182105528895
2021-09-03,0.7450529795960614,0.7292013954819359,1,1.0,1,0.00015430370524671666
2021-09-10,0.995512561549909,0.8854608090637597,1,1.0,1,0.0014415265645777442
2021-09-17,0.712341885041478,0.6502570798974898,1,1.0,1,0.00014920374157179062
2021-09-24,0.8657843951923133,0.8222683543096246,1,1.0,1,0.000410670787835965
2021-10-01,0.9468750656588047,0.8110761822928679,1,1.0,1,0.0008001593297988219
2021-10-08,0.9837241522455347,0.6098297576662463,1,1.0,1,0.001121956097755561
2021-10-15,0.9874412585451108,0.8031739133732508,1,1.0,1,0.0010743646204915969
2021-10-22,0.9891652072205798,0.9349174762446871,1,1.0,1,0.0010409462382587886
2021-10-29,0.8777948969263315,0.7131165155787761,1,1.0,1,0.00042259811684131066
2021-11-05,0.9551338342444567,0.8735486280946162,1,1.0,1,0.000650116442465265
2021-11-12,0.3511356426809851,,0,0.0,0,-0.0002837714876874342
2021-11-19,0.00020388821991001289,,0,0.0,0,-0.0024450370322104398
2021-11-26,0.0005232387834759204,,0,0.0,0,-0.0019430718939156266
2021-12-03,0.9812705879875778,0.4305136552464404,1,0.0,0,0.0012499985462037788
2021-12-10,0.522679865176049,0.6315492677539738,1,1.0,1,-0.00010233760006772563
2021-12-17,0.919458250230966,0.6228210991803881,1,1.0,1,0.0007378985043999808
2021-12-24,0.9835911329887289,0.9538570529786586,1,1.0,1,0.0009609060400719294
2021-12-31,0.8112894791508443,0.7679343204913232,1,1.0,1,0.0002540199999998549
2022-01-07,0.5138190887155131,0.7882382439294958,1,1.0,1,-5.138694668671562e-06
2022-01-14,0.01454765615756484,,0,0.0,0,-0.0012292940532959706
2022-01-21,3.0455763701069434e-05,,0,0.0,0,-0.0027431302426916826
2022-01-28,3.397093996610084e-05,,0,0.0,0,-0.00270718386430846
2022-02-04,0.00012755640737751494,,0,0.0,0,-0.0024440264214602436
2022-02-11,0.008488429542059304,,0,0.0,0,-0.0013109373514829104
2022-02-18,0.00017845340051592408,,0,0.0,0,-0.0023334854264625005
2022-02-25,7.036448281569833e-11,,0,0.0,0,-0.00638926312810062
2022-03-04,0.0007925371112858205,,0,0.0,0,-0.0017844561039513929
2022-03-11,0.9999998521639485,0.9813271905685723,1,1.0,1,0.004394826053186085
2022-03-18,0.9999995732043633,0.9938284571202451,1,1.0,1,0.0037381418206610117
2022-03-25,0.9999967998497948,0.9796360032869044,1,1.0,1,0.003167937595083492
2022-04-01,0.29409591498787563,,0,0.0,0,-0.0004295705318310139
2022-04-08,0.0005367550506781214,,0,0.0,0,-0.002160369696272535
2022-04-15,1.6624172767516038e-07,,0,0.0,0,-0.004420293745116988
2022-04-22,0.006309750775597406,,0,0.0,0,-0.0011926962959371012
2022-04-29,0.7056657697564762,0.1774133697042726,1,0.0,0,0.00043337899933471036
2022-05-06,0.09955893076171408,,0,0.0,0,-0.0005555823692345863
2022-05-13,0.00018567017917134915,,0,0.0,0,-0.002254184725615227
2022-05-20,0.8961572029424,0.08895701120927953,1,0.0,0,0.0006595493975574129
2022-05-27,0.9981026061730724,0.8620838864568661,1,1.0,1,0.001682044428831686
2022-06-03,0.9929650011111545,0.8035171411442215,1,1.0,1,0.0013875002972161266
2022-06-10,0.0012714986018771352,,0,0.0,0,-0.0018361307320688969
2022-06-17,0.6347699338383533,0.2862889998581424,1,0.0,0,0.0003008430754738445
2022-06-24,0.07160085781043793,,0,0.0,0,-0.0008362699629332893
2022-07-01,0.9865435889678883,0.5867880173622645,1,0.0,0,0.0011517085599237475
2022-07-08,0.9927408927262328,0.7909778988651055,1,1.0,1,0.00118840479061455
2022-07-15,0.9876811920962949,0.7619271334234794,1,1.0,1,0.001152829986033943
2022-07-22,0.21299226702900564,,0,0.0,0,-0.0006278624413591505
2022-07-29,0.9994425089923352,0.8555752007648846,1,1.0,1,0.0018221268668696666
2022-08-05,0.9960876194582714,0.7775824704697285,1,1.0,1,0.0013809209440887038
2022-08-12,0.9805889299276738,0.8752271157705649,1,1.0,1,0.0007314699330300822
2022-08-19,0.8400557458801573,0.5989633195877302,1,0.0,0,0.0002317611996229818
2022-08-26,0.6875587610231919,0.6959063286985878,1,1.0,1,0.00014123817498301605
2022-09-02,0.7545505196230881,0.3527895196501682,1,0.0,0,0.00020678961669284845
2022-09-09,0.5957360488716559,0.343998823103774,1,0.0,0,-0.00014306009125608643
2022-09-16,0.0005655662355810705,,0,0.0,0,-0.0020953285739617744
2022-09-23,2.4551815565467015e-07,,0,0.0,0,-0.004088451423974848
2022-09-30,0.9942464130337052,0.43770298027885834,1,0.0,0,0.0014366833083787611
2022-10-07,0.08670227096181178,,0,0.0,0,-0.0007157052683444132
2022-10-14,0.00010870181468157204,,0,0.0,0,-0.0025038994609485332
2022-10-21,0.4578482015454003,,0,0.0,0,-0.00013674304754729416
2022-10-28,0.999897552357443,0.9196459081456451,1,1.0,1,0.0022106943690025638
2022-11-04,0.08165009545344366,,0,0.0,0,-0.000879649069981614
2022-11-11,0.9999040520231708,0.975991468123998,1,1.0,1,0.002113647900939153
2022-11-18,0.9999998544044452,0.996786311474909,1,1.0,1,0.0038441986964896646
2022-11-25,0.9999984635124775,0.9835882865659106,1,1.0,1,0.0031698919138059
2022-12-02,0.9975512404139746,0.8155752666619057,1,1.0,1,0.0011480135017860604
2022-12-09,0.2512352943061806,,0,0.0,0,-0.0004849700952244129
2022-12-16,0.6141239604781303,0.4469974299383223,1,0.0,0,-4.362824683512567e-05
2022-12-23,0.8449093081550187,0.6507968910667381,1,1.0,1,0.0002956885685920785
2022-12-30,0.922739692763723,0.7317915872611819,1,1.0,1,0.0005676199999999909
2023-01-06,0.9988951790056658,0.7842347337733359,1,1.0,1,0.0016083070927279675
2023-01-13,0.9998751960000912,0.9823210555400163,1,1.0,1,0.002088114508812522
2023-01-20,0.9999918845165326,0.9899992843817019,1,1.0,1,0.002769943725265067
2023-01-27,0.9999999970978939,0.999138702213267,1,1.0,1,0.00484115371802285
2023-02-03,0.10913080943997372,,0,0.0,0,-0.0010228212608630605
2023-02-10,0.17654022586802914,,0,0.0,0,-0.0005906469451709695
2023-02-17,0.8973813276971285,0.7311003996602694,1,1.0,1,0.0002994275550121106
2023-02-24,0.9980507351889567,0.8718740481702787,1,1.0,1,0.0014939585658961807
2023-03-03,0.0002623127892329161,,0,0.0,0,-0.0024986692115367415
2023-03-10,8.283990459381095e-17,,0,0.0,0,-0.009942432967823378
2023-03-17,0.010812642106184689,,0,0.0,0,-0.0008330530544554682
2023-03-24,0.9999995582585746,0.9975002663756136,1,1.0,1,0.0036680308932492967
2023-03-31,0.9995109013758713,0.9387356788722613,1,1.0,1,0.0016136244192266336
2023-04-07,0.999999994091334,0.9978314651466924,1,1.0,1,0.004672584564610283
2023-04-14,0.9502762701575581,0.8140956344662478,1,1.0,1,0.00031849562676233845
2023-04-21,0.9152715303247857,0.835622525250258,1,1.0,1,0.0003409016364142037
2023-04-28,0.9534714342697588,0.7191189858347369,1,1.0,1,0.00046060577719386764
2023-05-05,0.6035936578157323,0.3267351051541732,1,0.0,0,-0.0002045930222430714
2023-05-12,0.9871745027260008,0.8371916743878314,1,1.0,1,0.0008461840857625358
2023-05-19,0.9946203176438634,0.9099030733827086,1,1.0,1,0.0011180877981071813
2023-05-26,0.9999960134963773,0.9884333326214142,1,1.0,1,0.0029256699694963917
2023-06-02,0.9993470045693186,0.9442252362752658,1,1.0,1,0.0015633484854866708
2023-06-09,0.9968926329911758,0.9026308174905336,1,1.0,1,0.0012987672988713506
2023-06-16,0.32814953751539905,,0,0.0,0,-0.00047484281526333216
2023-06-23,0.9559010002408767,0.9307398905366949,1,1.0,1,0.000641582757631598
2023-06-30,0.9704093921272655,0.9538670703462603,1,1.0,1,0.0005981003827137954
2023-07-07,0.9877488354142475,0.8943812193390415,1,1.0,1,0.0008775616474878678
2023-07-14,0.9929581372339443,0.9044603942548594,1,1.0,1,0.0009624736349556073
2023-07-21,0.9999396819338682,0.989474967602256,1,1.0,1,0.0021356137001202757
2023-07-28,0.7686062015058118,0.9246025612318886,1,1.0,1,-2.3995301889900844e-05
2023-08-04,0.5950251171546186,0.7181132923154622,1,1.0,1,-1.4859249161669474e-05
2023-08-11,0.029379815477761948,,0,0.0,0,-0.001144208534299418
2023-08-18,0.9045889868945132,0.7446039515939312,1,1.0,1,0.0005571486111679569
2023-08-25,0.9497922581439224,0.9133996759610832,1,1.0,1,0.0005791651517863539
2023-09-01,0.04865728215765485,,0,0.0,0,-0.0007595418453139047
2023-09-08,0.8239745496242363,0.8610341744249044,1,1.0,1,0.00021808038102566485
2023-09-15,0.9760646320389761,0.9036110478333688,1,1.0,1,0.0007447725928617643
2023-09-22,0.9499230848007735,0.9095778454359447,1,1.0,1,0.000541517317106166
2023-09-29,0.008393430743835292,,0,0.0,0,-0.0013936423850431368
2023-10-06,0.7038624443764224,0.7261936492307449,1,1.0,1,0.00018370745050022563
2023-10-13,0.06938163307532806,,0,0.0,0,-0.0008563773190970458
2023-10-20,0.9234161196207934,0.7120121628799436,1,1.0,1,0.000524888979638316
2023-10-27,0.9892325914332022,0.8719369763118876,1,1.0,1,0.0009849147029268313
2023-11-03,0.4540482739328643,,0,0.0,0,-0.0002301588241618857
2023-11-10,0.9999996438317366,0.9963433109556405,1,1.0,1,0.0035567978914743392
2023-11-17,0.999799928799314,0.9887113395640496,1,1.0,1,0.0019113010144491405
2023-11-24,0.9999831119417258,0.9942742577848727,1,1.0,1,0.0024591415949868356
2023-12-01,0.9998276089031118,0.9871720786317011,1,1.0,1,0.0019621805390506175
2023-12-08,0.999999975416925,0.9986282840424396,1,1.0,1,0.004262803939730331
2023-12-15,0.5073722655876401,0.8177989311627479,1,1.0,1,-0.000301272675943709
2023-12-22,0.5212589555153426,0.767543791679438,1,1.0,1,-0.0001529202027474863
2023-12-29,0.2430286997608319,,0,0.0,0,-0.0004600200000000054
2024-01-05,0.8490190324608808,0.8063005338205568,1,1.0,1,0.00039621226556629807
2024-01-12,0.9991230158853631,0.9730187332879469,1,1.0,1,0.001495035667332445
2024-01-19,0.9998634192552517,0.9725496487702815,1,1.0,1,0.0020343090055285895
2024-01-26,0.9991661433819705,0.9656688647921594,1,1.0,1,0.001535823503001632
2024-02-02,0.9999620803323495,0.9804409042895419,1,1.0,1,0.002500424573177007
2024-02-09,0.9997976404074883,0.9781131648305046,1,1.0,1,0.002007121887241281
2024-02-16,0.9878698063862559,0.9632280333151905,1,1.0,1,0.0009473183296755394
2024-02-23,0.4144493576710524,,0,0.0,0,-0.00027017295433240385
2024-03-01,0.004843582500567506,,0,0.0,0,-0.0014542956963053966
2024-03-08,0.9369535100767716,0.9032292639216546,1,1.0,1,0.000533130486006117
2024-03-15,0.990022339093117,0.9561563624031597,1,1.0,1,0.0009393473852137291
2024-03-22,0.937591919686873,0.892086323684298,1,1.0,1,0.0003982006139009453
2024-03-29,0.843142489854744,0.8279626863015096,1,1.0,1,0.0002721029659786822
2024-04-05,0.9933423919475377,0.9305446515083419,1,1.0,1,0.0010606952666161185
2024-04-12,0.5190237824733243,0.6804861950954083,1,1.0,1,-0.00012737228282877489
2024-04-19,0.9900492798446016,0.8849298321432366,1,1.0,1,0.0010698361691867664
2024-04-26,0.9917684484262971,0.9377820292277973,1,1.0,1,0.0010501627655541412
2024-05-03,0.9960398073447169,0.9486962906784618,1,1.0,1,0.0012630132892967882
2024-05-10,0.1326597179940968,,0,0.0,0,-0.0006214270076984052
2024-05-17,0.8406057135987237,0.8701098988207181,1,1.0,1,0.00019458710398412293
2024-05-24,0.0185707589489285,,0,0.0,0,-0.001072848839491769
2024-05-31,0.9826768318996395,0.9294874156664131,1,1.0,1,0.0008716770677938968
2024-06-07,0.010085319502857513,,0,0.0,0,-0.0012523190056948907
2024-06-14,0.4028623389755987,,0,0.0,0,-0.0001675575868684831
2024-06-21,0.1550716819714746,,0,0.0,0,-0.0005328296472743022
2024-06-28,0.9931368315830972,0.9089911268409996,1,1.0,1,0.0011151770600206223
2024-07-05,0.9716557397932876,0.8855921748693715,1,1.0,1,0.0006573370527425126
2024-07-12,0.5317180583531788,0.7075801273790783,1,1.0,1,-0.00022291465015622514
2024-07-19,0.24495762083339065,,0,0.0,0,-0.00039316027714642043
2024-07-26,0.006325099127544914,,0,0.0,0,-0.0014135704041041697
2024-08-02,0.05553587388183328,,0,0.0,0,-0.0006951920067637118
2024-08-09,0.9941258554080274,0.8578171624176544,1,1.0,1,0.0011760221557399753
2024-08-16,0.3004991833795161,,0,0.0,0,-0.0005146821850342542
2024-08-23,0.26066662516651173,,0,0.0,0,-0.0004750312038336313
2024-08-30,0.9879177549095041,0.8991981055405706,1,1.0,1,0.0008244830299486416
2024-09-06,0.962506761518474,0.7757628995891772,1,1.0,1,0.0007523730583871568
2024-09-13,0.9999914859765676,0.983708514391875,1,1.0,1,0.0028532371769720566
2024-09-20,0.9999888769340097,0.986015088859448,1,1.0,1,0.002697684747986262
2024-09-27,0.9923504657995547,0.9007176687840445,1,1.0,1,0.001094468787887326
2024-10-04,0.9998525829652929,0.9744544569072268,1,1.0,1,0.0020631911352149146
2024-10-11,0.9307976948805415,0.854920240978018,1,1.0,1,0.0005444248858130774
2024-10-18,0.6647688970535134,0.7120778681612562,1,1.0,1,8.383994126193173e-05
2024-10-25,0.9804548285638527,0.8009195602263879,1,1.0,1,0.0009340194702722737
2024-11-01,0.9999999096283878,0.9928721951763883,1,1.0,1,0.0040706964148278235
2024-11-08,0.9679115029104147,0.9376174864776665,1,1.0,1,0.0006931353484642688
2024-11-15,0.8469629974450534,0.7895095468228353,1,1.0,1,0.00042145226638523603
2024-11-22,0.998827618562275,0.9536374822949165,1,1.0,1,0.0015704530814462103
2024-11-29,0.991723757201466,0.8884802436775134,1,1.0,1,0.001054561970459389
2024-12-06,0.995453771932606,0.9160760224536514,1,1.0,1,0.0012730718225171245
2024-12-13,0.10050887587528687,,0,0.0,0,-0.0006131091664819399
2024-12-20,0.6203862721554422,0.6023770164914514,1,1.0,1,0.00016283492476110162
2024-12-27,0.6785438522879306,0.6998271882988655,1,1.0,1,0.00012180454942267716
2025-01-03,0.4150426645082472,,0,0.0,0,-8.956992235220618e-05
2025-01-10,0.676995799120344,0.6210826350982868,1,1.0,1,0.0001885814666588992
2025-01-17,0.6511475707756713,0.6636791337725789,1,1.0,1,8.079682437811542e-05
2025-01-24,0.001237055420968529,,0,0.0,0,-0.00172503521622569
2025-01-31,0.555779210580406,0.6612127624820193,1,1.0,1,-1.5064873851167171e-05
2025-02-07,0.6083398060216566,0.6028935599788987,1,1.0,1,0.00010427452165240325
2025-02-14,0.7649056177258605,0.7797487524476038,1,1.0,1,0.00012591309514187188
2025-02-21,0.00018368891626877705,,0,0.0,0,-0.00210049242034549
2025-02-28,0.010289576469990439,,0,0.0,0,-0.0010996574133410597
2025-03-07,0.022350453663547494,,0,0.0,0,-0.0009149904717440371
2025-03-14,0.9975159010200604,0.7913901796537093,1,1.0,1,0.0015452796201529395
2025-03-21,0.9756752196821583,0.7862916479111627,1,1.0,1,0.0007657386314054992
2025-03-28,1.940896402699402e-10,,0,0.0,0,-0.005576096347363557
2025-04-04,0.7627889790370764,0.12079582481296879,1,0.0,0,0.0005301957563428328
2025-04-11,0.32394888811115047,,0,0.0,0,-0.00018149188831217966
2025-04-18,0.999999983955074,0.9953118740787568,1,1.0,1,0.004250871976323012
2025-04-25,0.9996646854391592,0.9159157868293687,1,1.0,1,0.0017526080625269724
2025-05-02,0.9999907333198268,0.978034745095562,1,1.0,1,0.0026413238339220158
2025-05-09,0.9999996949067349,0.9949300039060427,1,1.0,1,0.0033838012688189867
2025-05-16,0.8959234220597316,0.8044886452403024,1,1.0,1,0.00028298346730060153
2025-05-23,0.9938007575751571,0.9038376432538074,1,1.0,1,0.0011261182447450668
2025-05-30,0.9998784495780931,0.9585154992672061,1,1.0,1,0.002000520540667239
2025-06-06,0.2994855219795567,,0,0.0,0,-0.0003090649222019515
2025-06-13,0.8774137599248413,0.7260150061151399,1,1.0,1,0.0004445211769712465
2025-06-20,0.9883182492909298,0.8281400345263014,1,1.0,1,0.0010587182004984097
2025-06-27,0.9978987558629974,0.8366157863537569,1,1.0,1,0.0014983397141830057
2025-07-04,0.9099520531984044,0.7475553091640164,1,1.0,1,0.0005096429169002548
2025-07-11,0.992850581311973,0.8706562722367811,1,1.0,1,0.0011929665987160387
2025-07-18,0.9999590414088386,0.9763079791976065,1,1.0,1,0.002332095031886805
2025-07-25,0.999312679927177,0.9363584442822278,1,1.0,1,0.0015772525169852614
2025-08-01,0.24354090971536055,,0,0.0,0,-0.00029410957921360836
2025-08-08,0.04010176312606038,,0,0.0,0,-0.0008930439830661108
2025-08-15,0.0015834034052844236,,0,0.0,0,-0.0015982893821981925
2025-08-22,0.516168309807744,0.6893617050573643,1,1.0,1,-2.1654421275774105e-05
2025-08-29,0.00839601211822549,,0,0.0,0,-0.001192084926412984
2025-09-05,0.9461520467029821,0.765229968456618,1,1.0,1,0.0006688615595018543
2025-09-12,0.6772385571540017,0.5718857607236184,1,0.0,0,0.0001235785662783151
